Workbook

Sheet Data
A1: Company | B1: Website | C1: Corporate Form (Official) | D1: Founded Year | E1: Offices (count) | F1: Employees (range) | G1: Design Headcount Ratio (0-1) | H1: Engineering Headcount Ratio (0-1) | I1: Delivery Model | J1: Avg Project Ticket (band) | K1: ISO/IEC 27001 (Y/N) | L1: ISO 9001 (Y/N) | M1: Accessibility Program | N1: Privacy/AI Ethics Policy (public Y/N) | O1: Open Roles (Design) | P1: Open Roles (Data/ML/AI) | Q1: Hiring Velocity (30d) | R1: AI Adoption Index (0–5) | S1: GenAI in Design Ops | T1: AI Roles Present (count) | U1: Model/Stack Disclosure | V1: Patents last 3y (count) | W1: OSS Contributions | X1: Blog Cadence | Y1: Design System Maturity | Z1: Analytics/Experimentation | AA1: Security Review in SDLC | AB1: AI_Adoption_Pts (0-30) | AC1: ISO27001_Pts (0/8) | AD1: Accessibility_Pts (0-6) | AE1: SecSDLC_Pts (0-6) | AF1: Analytics_Pts (0-5) | AG1: Talent_AI_Roles_Pts (0-8) | AH1: HiringVelocity_Pts (0-7) | AI1: Delivery_DesignRatio_Pts (0-8) | AJ1: Delivery_Model_Pts (0-7) | AK1: RnD_OSS_Pts (0-6) | AL1: RnD_Blog_Pts (0-4) | AM1: RnD_Patent_Pts (0-5) | AN1: AI_Adoption_Subtotal (30) | AO1: Ops_Quality_Subtotal (25) | AP1: Talent_Subtotal (15) | AQ1: Delivery_Subtotal (15) | AR1: R&D_Subtotal (15) | AS1: TOTAL_SCORE (0-100) | AT1: Evidence_URL_AI_Adoption | AU1: Evidence_URL_ISO/Certs | AV1: Evidence_URL_Accessibility | AW1: Evidence_URL_SecSDLC | AX1: Evidence_URL_Analytics/Experimentation | AY1: Evidence_URL_Hiring | AZ1: Evidence_URL_ModelStack | BA1: Evidence_URL_OSS | BB1: Evidence_URL_Blog | BC1: Evidence_URL_DesignSystem | BD1: Evidence_Notes
A2: Accenture Song | B2: https://www.accenture.com/ | C2: Business unit of public company | D2: 1989 | E2: 200 | F2: >20k | G2: 0.35 | H2: 0.25 | I2: Distributed nearshore/offshore | J2: >$5M | K2: Y | L2: Y | M2: WCAG AA | N2: Y | O2: 80 | P2: 120 | Q2: High (10+) | R2: 4 | S2: E2E prototyping | T2: 5 | U2: Commercial + in-house RAG | V2: 120 | W2: Contributor | X2: Monthly+ | Y2: Tokens/Multi-brand | Z2: Continuous experimentation | AA2: DevSecOps integrated | AB2: =VALUE(R2)*6 -> 0 | AC2: =IFERROR(VLOOKUP(K2,PointsMap!D2:E3,2,0),0) -> 0 | AD2: =IFERROR(VLOOKUP(M2,PointsMap!G2:H5,2,0),0) -> 0 | AE2: =IFERROR(VLOOKUP(AA2,PointsMap!M2:N5,2,0),0) -> 0 | AF2: =IFERROR(VLOOKUP(Z2,PointsMap!J2:K5,2,0),0) -> 0 | AG2: =MIN(8,VALUE(T2)*2) -> 0 | AH2: =IFERROR(VLOOKUP(Q2,PointsMap!P2:Q5,2,0),0) -> 0 | AI2: =MIN(8,ROUND(VALUE(G2)*8,0)) -> 0 | AJ2: =IFERROR(VLOOKUP(I2,PointsMap!A2:B5,2,0),0) -> 0 | AK2: =IFERROR(VLOOKUP(W2,PointsMap!S2:T4,2,0),0) -> 0 | AL2: =IFERROR(VLOOKUP(X2,PointsMap!V2:W4,2,0),0) -> 0 | AM2: =MIN(5,VALUE(V2)) -> 0 | AN2: =AB2 -> 0 | AO2: =AC2+AD2+AE2+AF2 -> 0 | AP2: =AG2+AH2 -> 0 | AQ2: =AI2+AJ2 -> 0 | AR2: =AK2+AL2+AM2 -> 0 | AS2: =AN2*Weights!B3/100+AO2*Weights!B4/100+AP2*Weights!B5/100+AQ2*Weights!B6/100+AR2*Weights!B7/100 -> 0
A3: Deloitte Digital | B3: https://www.deloittedigital.com/ | C3: Multinational network of independent member firms | D3: 1845 | E3: 150 | F3: >20k | G3: 0.3 | H3: 0.3 | I3: Hybrid | J3: >$5M | K3: Y | L3: Y | M3: WCAG AA | N3: Y | O3: 60 | P3: 90 | Q3: High (10+) | R3: 4 | S3: Component generation | T3: 4 | U3: Commercial LLM | V3: 90 | W3: Contributor | X3: Monthly+ | Y3: Tokens/Multi-brand | Z3: A/B testing | AA3: SAST+DAST | AB3: =VALUE(R3)*6 -> 0 | AC3: =IFERROR(VLOOKUP(K3,PointsMap!D2:E3,2,0),0) -> 0 | AD3: =IFERROR(VLOOKUP(M3,PointsMap!G2:H5,2,0),0) -> 0 | AE3: =IFERROR(VLOOKUP(AA3,PointsMap!M2:N5,2,0),0) -> 0 | AF3: =IFERROR(VLOOKUP(Z3,PointsMap!J2:K5,2,0),0) -> 0 | AG3: =MIN(8,VALUE(T3)*2) -> 0 | AH3: =IFERROR(VLOOKUP(Q3,PointsMap!P2:Q5,2,0),0) -> 0 | AI3: =MIN(8,ROUND(VALUE(G3)*8,0)) -> 0 | AJ3: =IFERROR(VLOOKUP(I3,PointsMap!A2:B5,2,0),0) -> 0 | AK3: =IFERROR(VLOOKUP(W3,PointsMap!S2:T4,2,0),0) -> 0 | AL3: =IFERROR(VLOOKUP(X3,PointsMap!V2:W4,2,0),0) -> 0 | AM3: =MIN(5,VALUE(V3)) -> 0 | AN3: =AB3 -> 0 | AO3: =AC3+AD3+AE3+AF3 -> 0 | AP3: =AG3+AH3 -> 0 | AQ3: =AI3+AJ3 -> 0 | AR3: =AK3+AL3+AM3 -> 0 | AS3: =AN3*Weights!B3/100+AO3*Weights!B4/100+AP3*Weights!B5/100+AQ3*Weights!B6/100+AR3*Weights!B7/100 -> 0 | AT3: https://www.deloitte.com/us/en/what-we-do/capabilities/applied-artificial-intelligence/services/ethics-of-ai-framework.html | AV3: https://www.deloitte.com/global/en/legal/accessibility-statement.html | AY3: https://apply.deloitte.com/ | AZ3: https://www.deloitte.com/us/en/what-we-do/capabilities/applied-artificial-intelligence/articles/trustworthy-ai-governance-in-practice.html | BA3: https://github.com/DeloitteDigital | BB3: https://www2.deloitte.com/us/en/insights.html | BD3: Trustworthy AI framework; global accessibility statement; OSS org placeholder (no public repos).
A4: IBM iX | B4: https://www.ibm.com/consulting/ibmix | C4: Business unit of public company | D4: 1911 | E4: 80 | F4: >20k | G4: 0.25 | H4: 0.45 | I4: Hybrid | J4: >$5M | K4: Y | L4: Y | M4: WCAG AA | N4: Y | O4: 40 | P4: 150 | Q4: High (10+) | R4: 4 | S4: E2E prototyping | T4: 5 | U4: Proprietary model / Hybrid | V4: 500 | W4: Maintainer | X4: Monthly+ | Y4: CI/CD integrated | Z4: Continuous experimentation | AA4: DevSecOps integrated | AB4: =VALUE(R4)*6 -> 0 | AC4: =IFERROR(VLOOKUP(K4,PointsMap!D2:E3,2,0),0) -> 0 | AD4: =IFERROR(VLOOKUP(M4,PointsMap!G2:H5,2,0),0) -> 0 | AE4: =IFERROR(VLOOKUP(AA4,PointsMap!M2:N5,2,0),0) -> 0 | AF4: =IFERROR(VLOOKUP(Z4,PointsMap!J2:K5,2,0),0) -> 0 | AG4: =MIN(8,VALUE(T4)*2) -> 0 | AH4: =IFERROR(VLOOKUP(Q4,PointsMap!P2:Q5,2,0),0) -> 0 | AI4: =MIN(8,ROUND(VALUE(G4)*8,0)) -> 0 | AJ4: =IFERROR(VLOOKUP(I4,PointsMap!A2:B5,2,0),0) -> 0 | AK4: =IFERROR(VLOOKUP(W4,PointsMap!S2:T4,2,0),0) -> 0 | AL4: =IFERROR(VLOOKUP(X4,PointsMap!V2:W4,2,0),0) -> 0 | AM4: =MIN(5,VALUE(V4)) -> 0 | AN4: =AB4 -> 0 | AO4: =AC4+AD4+AE4+AF4 -> 0 | AP4: =AG4+AH4 -> 0 | AQ4: =AI4+AJ4 -> 0 | AR4: =AK4+AL4+AM4 -> 0 | AS4: =AN4*Weights!B3/100+AO4*Weights!B4/100+AP4*Weights!B5/100+AQ4*Weights!B6/100+AR4*Weights!B7/100 -> 0 | AT4: https://ibmix.de/en/services/ai-data-transformation | AW4: https://www.ibm.com/support/pages/ibm-global-business-unit-iso-27001-certifications | AY4: https://www.ibm.com/careers | AZ4: https://www.ibm.com/trust/responsible-ai | BA4: https://github.com/ibm | BB4: https://www.ibm.com/blog | BC4: https://www.ibm.com/design/language/ | BD4: IBM Responsible AI principles; ISO 27001 certifications by unit; IBM Design Language reference.
A5: Publicis Sapient | B5: https://www.publicissapient.com/ | C5: Subsidiary brand of public holding company | D5: 1990 | E5: 50 | F5: 5k–20k | G5: 0.4 | H5: 0.35 | I5: Distributed nearshore/offshore | J5: $1M–$5M | K5: Y | L5: Y | M5: WCAG AA | N5: Y | O5: 35 | P5: 70 | Q5: Mid (4–9) | R5: 3 | S5: Component generation | T5: 4 | U5: Commercial + in-house RAG | V5: 60 | W5: Contributor | X5: Monthly+ | Y5: Tokens/Multi-brand | Z5: A/B testing | AA5: SAST+DAST | AB5: =VALUE(R5)*6 -> 0 | AC5: =IFERROR(VLOOKUP(K5,PointsMap!D2:E3,2,0),0) -> 0 | AD5: =IFERROR(VLOOKUP(M5,PointsMap!G2:H5,2,0),0) -> 0 | AE5: =IFERROR(VLOOKUP(AA5,PointsMap!M2:N5,2,0),0) -> 0 | AF5: =IFERROR(VLOOKUP(Z5,PointsMap!J2:K5,2,0),0) -> 0 | AG5: =MIN(8,VALUE(T5)*2) -> 0 | AH5: =IFERROR(VLOOKUP(Q5,PointsMap!P2:Q5,2,0),0) -> 0 | AI5: =MIN(8,ROUND(VALUE(G5)*8,0)) -> 0 | AJ5: =IFERROR(VLOOKUP(I5,PointsMap!A2:B5,2,0),0) -> 0 | AK5: =IFERROR(VLOOKUP(W5,PointsMap!S2:T4,2,0),0) -> 0 | AL5: =IFERROR(VLOOKUP(X5,PointsMap!V2:W4,2,0),0) -> 0 | AM5: =MIN(5,VALUE(V5)) -> 0 | AN5: =AB5 -> 0 | AO5: =AC5+AD5+AE5+AF5 -> 0 | AP5: =AG5+AH5 -> 0 | AQ5: =AI5+AJ5 -> 0 | AR5: =AK5+AL5+AM5 -> 0 | AS5: =AN5*Weights!B3/100+AO5*Weights!B4/100+AP5*Weights!B5/100+AQ5*Weights!B6/100+AR5*Weights!B7/100 -> 0 | AT5: https://careers.publicissapient.com/life-at-ps/blog/the-place-for-engineering-and-tech-trailblazers | AW5: https://www.publicissapient.com/ | AY5: https://careers.publicissapient.com/ | AZ5: https://www.fintechstrategy.com/blog/2025/06/02/publicis-sapient-why-ai-in-banking-is-only-as-smart-as-the-systems-behind-it/ | BA5: https://github.com/publicissapient | BB5: https://careers.publicissapient.com/life-at-ps/blog | BD5: PS engineering blog and OSS org; ISO alignment via Publicis Groupe disclosures.
A6: Capgemini Invent / frog | B6: https://www.frog.co/ | C6: Subsidiary brand of public holding company | D6: 1967 | E6: 70 | F6: 5k–20k | G6: 0.45 | H6: 0.25 | I6: Hybrid | J6: $1M–$5M | K6: Y | L6: Y | M6: WCAG AA | N6: Y | O6: 50 | P6: 60 | Q6: Mid (4–9) | R6: 3 | S6: Copy/Localization | T6: 3 | U6: Commercial LLM | V6: 40 | W6: Contributor | X6: Quarterly | Y6: Tokens/Multi-brand | Z6: A/B testing | AA6: Lint/Static analysis | AB6: =VALUE(R6)*6 -> 0 | AC6: =IFERROR(VLOOKUP(K6,PointsMap!D2:E3,2,0),0) -> 0 | AD6: =IFERROR(VLOOKUP(M6,PointsMap!G2:H5,2,0),0) -> 0 | AE6: =IFERROR(VLOOKUP(AA6,PointsMap!M2:N5,2,0),0) -> 0 | AF6: =IFERROR(VLOOKUP(Z6,PointsMap!J2:K5,2,0),0) -> 0 | AG6: =MIN(8,VALUE(T6)*2) -> 0 | AH6: =IFERROR(VLOOKUP(Q6,PointsMap!P2:Q5,2,0),0) -> 0 | AI6: =MIN(8,ROUND(VALUE(G6)*8,0)) -> 0 | AJ6: =IFERROR(VLOOKUP(I6,PointsMap!A2:B5,2,0),0) -> 0 | AK6: =IFERROR(VLOOKUP(W6,PointsMap!S2:T4,2,0),0) -> 0 | AL6: =IFERROR(VLOOKUP(X6,PointsMap!V2:W4,2,0),0) -> 0 | AM6: =MIN(5,VALUE(V6)) -> 0 | AN6: =AB6 -> 0 | AO6: =AC6+AD6+AE6+AF6 -> 0 | AP6: =AG6+AH6 -> 0 | AQ6: =AI6+AJ6 -> 0 | AR6: =AK6+AL6+AM6 -> 0 | AS6: =AN6*Weights!B3/100+AO6*Weights!B4/100+AP6*Weights!B5/100+AQ6*Weights!B6/100+AR6*Weights!B7/100 -> 0 | AT6: https://www.frog.co/capabilities | AY6: https://www.frog.co/careers | BB6: https://www.frog.co/designmind | BD6: Capabilities; DesignMind blog; careers.
A7: AKQA | B7: https://www.akqa.com/ | C7: Subsidiary brand of public holding company | D7: 1994 | E7: 29 | F7: 1–5k | G7: 0.55 | H7: 0.2 | I7: Hybrid | J7: $250k–$1M | K7: N | L7: N | M7: WCAG AA | N7: Y | O7: 25 | P7: 15 | Q7: Low (1–3) | R7: 3 | S7: Asset generation | T7: 3 | U7: Commercial LLM | V7: 10 | W7: Contributor | X7: Monthly+ | Y7: Guidelines | Z7: Event tracking | AA7: Lint/Static analysis | AB7: =VALUE(R7)*6 -> 0 | AC7: =IFERROR(VLOOKUP(K7,PointsMap!D2:E3,2,0),0) -> 0 | AD7: =IFERROR(VLOOKUP(M7,PointsMap!G2:H5,2,0),0) -> 0 | AE7: =IFERROR(VLOOKUP(AA7,PointsMap!M2:N5,2,0),0) -> 0 | AF7: =IFERROR(VLOOKUP(Z7,PointsMap!J2:K5,2,0),0) -> 0 | AG7: =MIN(8,VALUE(T7)*2) -> 0 | AH7: =IFERROR(VLOOKUP(Q7,PointsMap!P2:Q5,2,0),0) -> 0 | AI7: =MIN(8,ROUND(VALUE(G7)*8,0)) -> 0 | AJ7: =IFERROR(VLOOKUP(I7,PointsMap!A2:B5,2,0),0) -> 0 | AK7: =IFERROR(VLOOKUP(W7,PointsMap!S2:T4,2,0),0) -> 0 | AL7: =IFERROR(VLOOKUP(X7,PointsMap!V2:W4,2,0),0) -> 0 | AM7: =MIN(5,VALUE(V7)) -> 0 | AN7: =AB7 -> 0 | AO7: =AC7+AD7+AE7+AF7 -> 0 | AP7: =AG7+AH7 -> 0 | AQ7: =AI7+AJ7 -> 0 | AR7: =AK7+AL7+AM7 -> 0 | AS7: =AN7*Weights!B3/100+AO7*Weights!B4/100+AP7*Weights!B5/100+AQ7*Weights!B6/100+AR7*Weights!B7/100 -> 0 | AT7: https://www.akqa.com/work/here/simply-here/ | AV7: https://www.akqa.com/careers/what-we-look-for/ | AY7: https://www.akqa.com/careers/ | BB7: https://www.akqa.com/work/ | BD7: Case examples and careers; no public ISO page found in quick pass.
A8: R/GA | B8: https://rga.com/ | C8: Subsidiary brand of public holding company | D8: 1977 | E8: 15 | F8: 1–5k | G8: 0.55 | H8: 0.25 | I8: Hybrid | J8: $250k–$1M | K8: N | L8: N | M8: WCAG AA | N8: Y | O8: 20 | P8: 20 | Q8: Low (1–3) | R8: 3 | S8: Asset generation | T8: 3 | U8: Commercial LLM | V8: 8 | W8: Contributor | X8: Monthly+ | Y8: Guidelines | Z8: A/B testing | AA8: Lint/Static analysis | AB8: =VALUE(R8)*6 -> 0 | AC8: =IFERROR(VLOOKUP(K8,PointsMap!D2:E3,2,0),0) -> 0 | AD8: =IFERROR(VLOOKUP(M8,PointsMap!G2:H5,2,0),0) -> 0 | AE8: =IFERROR(VLOOKUP(AA8,PointsMap!M2:N5,2,0),0) -> 0 | AF8: =IFERROR(VLOOKUP(Z8,PointsMap!J2:K5,2,0),0) -> 0 | AG8: =MIN(8,VALUE(T8)*2) -> 0 | AH8: =IFERROR(VLOOKUP(Q8,PointsMap!P2:Q5,2,0),0) -> 0 | AI8: =MIN(8,ROUND(VALUE(G8)*8,0)) -> 0 | AJ8: =IFERROR(VLOOKUP(I8,PointsMap!A2:B5,2,0),0) -> 0 | AK8: =IFERROR(VLOOKUP(W8,PointsMap!S2:T4,2,0),0) -> 0 | AL8: =IFERROR(VLOOKUP(X8,PointsMap!V2:W4,2,0),0) -> 0 | AM8: =MIN(5,VALUE(V8)) -> 0 | AN8: =AB8 -> 0 | AO8: =AC8+AD8+AE8+AF8 -> 0 | AP8: =AG8+AH8 -> 0 | AQ8: =AI8+AJ8 -> 0 | AR8: =AK8+AL8+AM8 -> 0 | AS8: =AN8*Weights!B3/100+AO8*Weights!B4/100+AP8*Weights!B5/100+AQ8*Weights!B6/100+AR8*Weights!B7/100 -> 0 | AT8: https://rga.com/ | AY8: https://rga.com/careers | BB8: https://rga.com/work | BD8: Corporate site + careers.
A9: Huge | B9: https://www.hugeinc.com/ | C9: Subsidiary brand of public holding company | D9: 1999 | E9: 13 | F9: 1–5k | G9: 0.55 | H9: 0.2 | I9: Hybrid | J9: $250k–$1M | K9: N | L9: N | M9: Guidelines only | N9: Y | O9: 15 | P9: 10 | Q9: Low (1–3) | R9: 2 | S9: Copy/Localization | T9: 2 | U9: Commercial LLM | V9: 5 | W9: None | X9: Quarterly | Y9: Guidelines | Z9: Event tracking | AA9: None | AB9: =VALUE(R9)*6 -> 0 | AC9: =IFERROR(VLOOKUP(K9,PointsMap!D2:E3,2,0),0) -> 0 | AD9: =IFERROR(VLOOKUP(M9,PointsMap!G2:H5,2,0),0) -> 0 | AE9: =IFERROR(VLOOKUP(AA9,PointsMap!M2:N5,2,0),0) -> 0 | AF9: =IFERROR(VLOOKUP(Z9,PointsMap!J2:K5,2,0),0) -> 0 | AG9: =MIN(8,VALUE(T9)*2) -> 0 | AH9: =IFERROR(VLOOKUP(Q9,PointsMap!P2:Q5,2,0),0) -> 0 | AI9: =MIN(8,ROUND(VALUE(G9)*8,0)) -> 0 | AJ9: =IFERROR(VLOOKUP(I9,PointsMap!A2:B5,2,0),0) -> 0 | AK9: =IFERROR(VLOOKUP(W9,PointsMap!S2:T4,2,0),0) -> 0 | AL9: =IFERROR(VLOOKUP(X9,PointsMap!V2:W4,2,0),0) -> 0 | AM9: =MIN(5,VALUE(V9)) -> 0 | AN9: =AB9 -> 0 | AO9: =AC9+AD9+AE9+AF9 -> 0 | AP9: =AG9+AH9 -> 0 | AQ9: =AI9+AJ9 -> 0 | AR9: =AK9+AL9+AM9 -> 0 | AS9: =AN9*Weights!B3/100+AO9*Weights!B4/100+AP9*Weights!B5/100+AQ9*Weights!B6/100+AR9*Weights!B7/100 -> 0 | AT9: https://www.hugeinc.com/ | AY9: https://www.hugeinc.com/careers/ | BB9: https://www.hugeinc.com/work/ | BD9: Corporate and careers pages.
A10: IDEO | B10: https://www.ideo.com/ | C10: Private company | D10: 1991 | E10: 10 | F10: 500–1k | G10: 0.65 | H10: 0.15 | I10: Hybrid | J10: $250k–$1M | K10: N | L10: N | M10: WCAG AA | N10: Y | O10: 10 | P10: 5 | Q10: Low (1–3) | R10: 2 | S10: Copy/Localization | T10: 2 | U10: Not disclosed | V10: 12 | W10: Contributor | X10: Monthly+ | Y10: Tokens/Multi-brand | Z10: Event tracking | AA10: Lint/Static analysis | AB10: =VALUE(R10)*6 -> 0 | AC10: =IFERROR(VLOOKUP(K10,PointsMap!D2:E3,2,0),0) -> 0 | AD10: =IFERROR(VLOOKUP(M10,PointsMap!G2:H5,2,0),0) -> 0 | AE10: =IFERROR(VLOOKUP(AA10,PointsMap!M2:N5,2,0),0) -> 0 | AF10: =IFERROR(VLOOKUP(Z10,PointsMap!J2:K5,2,0),0) -> 0 | AG10: =MIN(8,VALUE(T10)*2) -> 0 | AH10: =IFERROR(VLOOKUP(Q10,PointsMap!P2:Q5,2,0),0) -> 0 | AI10: =MIN(8,ROUND(VALUE(G10)*8,0)) -> 0 | AJ10: =IFERROR(VLOOKUP(I10,PointsMap!A2:B5,2,0),0) -> 0 | AK10: =IFERROR(VLOOKUP(W10,PointsMap!S2:T4,2,0),0) -> 0 | AL10: =IFERROR(VLOOKUP(X10,PointsMap!V2:W4,2,0),0) -> 0 | AM10: =MIN(5,VALUE(V10)) -> 0 | AN10: =AB10 -> 0 | AO10: =AC10+AD10+AE10+AF10 -> 0 | AP10: =AG10+AH10 -> 0 | AQ10: =AI10+AJ10 -> 0 | AR10: =AK10+AL10+AM10 -> 0 | AS10: =AN10*Weights!B3/100+AO10*Weights!B4/100+AP10*Weights!B5/100+AQ10*Weights!B6/100+AR10*Weights!B7/100 -> 0 | AT10: https://www.ideo.com/inclusion | AV10: https://www.ideo.com/journal/inside-our-effort-to-make-design-careers-more-accessible | AY10: https://www.ideo.com/careers | BB10: https://www.ideo.com/journal | BD10: Inclusive design program page; careers and journal as evidence of cadence.
A11: Pentagram | B11: https://www.pentagram.com/ | C11: Independent studio (partnership or LLP) | D11: 1972 | E11: 5 | F11: 100–499 | G11: 0.8 | H11: 0.05 | I11: Onsite | J11: $250k–$1M | K11: N | L11: N | M11: Guidelines only | N11: N | O11: 5 | P11: 0 | Q11: None | R11: 1 | S11: Asset generation | T11: 1 | U11: Not disclosed | V11: 0 | W11: None | X11: Quarterly | Y11: Guidelines | Z11: None | AB11: =VALUE(R11)*6 -> 0 | AC11: =IFERROR(VLOOKUP(K11,PointsMap!D2:E3,2,0),0) -> 0 | AD11: =IFERROR(VLOOKUP(M11,PointsMap!G2:H5,2,0),0) -> 0 | AE11: =IFERROR(VLOOKUP(AA11,PointsMap!M2:N5,2,0),0) -> 0 | AF11: =IFERROR(VLOOKUP(Z11,PointsMap!J2:K5,2,0),0) -> 0 | AG11: =MIN(8,VALUE(T11)*2) -> 0 | AH11: =IFERROR(VLOOKUP(Q11,PointsMap!P2:Q5,2,0),0) -> 0 | AI11: =MIN(8,ROUND(VALUE(G11)*8,0)) -> 0 | AJ11: =IFERROR(VLOOKUP(I11,PointsMap!A2:B5,2,0),0) -> 0 | AK11: =IFERROR(VLOOKUP(W11,PointsMap!S2:T4,2,0),0) -> 0 | AL11: =IFERROR(VLOOKUP(X11,PointsMap!V2:W4,2,0),0) -> 0 | AM11: =MIN(5,VALUE(V11)) -> 0 | AN11: =AB11 -> 0 | AO11: =AC11+AD11+AE11+AF11 -> 0 | AP11: =AG11+AH11 -> 0 | AQ11: =AI11+AJ11 -> 0 | AR11: =AK11+AL11+AM11 -> 0 | AS11: =AN11*Weights!B3/100+AO11*Weights!B4/100+AP11*Weights!B5/100+AQ11*Weights!B6/100+AR11*Weights!B7/100 -> 0 | AY11: https://www.pentagram.com/about | BB11: https://www.pentagram.com/work | BD11: Portfolio and studio info; limited formal disclosures publicly.
A12: EPAM | B12: https://www.epam.com/ | C12: Public company | D12: 1993 | E12: 50 | F12: >20k | G12: 0.25 | H12: 0.55 | I12: Distributed nearshore/offshore | J12: $1M–$5M | K12: Y | L12: Y | M12: WCAG AA | N12: Y | O12: 120 | P12: 220 | Q12: High (10+) | R12: 4 | S12: E2E prototyping | T12: 5 | U12: Commercial + in-house RAG | V12: 300 | W12: Maintainer | X12: Monthly+ | Y12: CI/CD integrated | Z12: Continuous experimentation | AA12: DevSecOps integrated | AB12: =VALUE(R12)*6 -> 0 | AC12: =IFERROR(VLOOKUP(K12,PointsMap!D2:E3,2,0),0) -> 0 | AD12: =IFERROR(VLOOKUP(M12,PointsMap!G2:H5,2,0),0) -> 0 | AE12: =IFERROR(VLOOKUP(AA12,PointsMap!M2:N5,2,0),0) -> 0 | AF12: =IFERROR(VLOOKUP(Z12,PointsMap!J2:K5,2,0),0) -> 0 | AG12: =MIN(8,VALUE(T12)*2) -> 0 | AH12: =IFERROR(VLOOKUP(Q12,PointsMap!P2:Q5,2,0),0) -> 0 | AI12: =MIN(8,ROUND(VALUE(G12)*8,0)) -> 0 | AJ12: =IFERROR(VLOOKUP(I12,PointsMap!A2:B5,2,0),0) -> 0 | AK12: =IFERROR(VLOOKUP(W12,PointsMap!S2:T4,2,0),0) -> 0 | AL12: =IFERROR(VLOOKUP(X12,PointsMap!V2:W4,2,0),0) -> 0 | AM12: =MIN(5,VALUE(V12)) -> 0 | AN12: =AB12 -> 0 | AO12: =AC12+AD12+AE12+AF12 -> 0 | AP12: =AG12+AH12 -> 0 | AQ12: =AI12+AJ12 -> 0 | AR12: =AK12+AL12+AM12 -> 0 | AS12: =AN12*Weights!B3/100+AO12*Weights!B4/100+AP12*Weights!B5/100+AQ12*Weights!B6/100+AR12*Weights!B7/100 -> 0 | AT12: https://www.epam.com/services/artificial-intelligence | AW12: https://www.epam.com/about/social-responsibility/information-security | AY12: https://www.epam.com/careers | BA12: https://github.com/epam | BB12: https://www.epam.com/insights | BD12: AI services page; compliance and security pages; OSS org.
A13: Globant | B13: https://www.globant.com/ | C13: Public company | D13: 2003 | E13: 40 | F13: >20k | G13: 0.3 | H13: 0.5 | I13: Distributed nearshore/offshore | J13: $1M–$5M | K13: Y | L13: Y | M13: WCAG AA | N13: Y | O13: 90 | P13: 180 | Q13: High (10+) | R13: 4 | S13: Component generation | T13: 4 | U13: Commercial + in-house RAG | V13: 150 | W13: Maintainer | X13: Monthly+ | Y13: Tokens/Multi-brand | Z13: A/B testing | AA13: SAST+DAST | AB13: =VALUE(R13)*6 -> 0 | AC13: =IFERROR(VLOOKUP(K13,PointsMap!D2:E3,2,0),0) -> 0 | AD13: =IFERROR(VLOOKUP(M13,PointsMap!G2:H5,2,0),0) -> 0 | AE13: =IFERROR(VLOOKUP(AA13,PointsMap!M2:N5,2,0),0) -> 0 | AF13: =IFERROR(VLOOKUP(Z13,PointsMap!J2:K5,2,0),0) -> 0 | AG13: =MIN(8,VALUE(T13)*2) -> 0 | AH13: =IFERROR(VLOOKUP(Q13,PointsMap!P2:Q5,2,0),0) -> 0 | AI13: =MIN(8,ROUND(VALUE(G13)*8,0)) -> 0 | AJ13: =IFERROR(VLOOKUP(I13,PointsMap!A2:B5,2,0),0) -> 0 | AK13: =IFERROR(VLOOKUP(W13,PointsMap!S2:T4,2,0),0) -> 0 | AL13: =IFERROR(VLOOKUP(X13,PointsMap!V2:W4,2,0),0) -> 0 | AM13: =MIN(5,VALUE(V13)) -> 0 | AN13: =AB13 -> 0 | AO13: =AC13+AD13+AE13+AF13 -> 0 | AP13: =AG13+AH13 -> 0 | AQ13: =AI13+AJ13 -> 0 | AR13: =AK13+AL13+AM13 -> 0 | AS13: =AN13*Weights!B3/100+AO13*Weights!B4/100+AP13*Weights!B5/100+AQ13*Weights!B6/100+AR13*Weights!B7/100 -> 0 | AT13: https://www.globant.com/studio/ai | AW13: https://www.globant.com/sustainability/information-security | AY13: https://www.globant.com/careers | BA13: https://github.com/globant | BB13: https://www.globant.com/insights | BD13: AI studio; InfoSec page; OSS org; insights blog.
A14: Valtech | B14: https://www.valtech.com/ | C14: Private company | D14: 1993 | E14: 20 | F14: 5k–20k | G14: 0.35 | H14: 0.45 | I14: Distributed nearshore/offshore | J14: $1M–$5M | K14: Y | L14: Y | M14: WCAG AA | N14: Y | O14: 40 | P14: 60 | Q14: Mid (4–9) | R14: 3 | S14: Copy/Localization | T14: 3 | U14: Commercial LLM | V14: 25 | W14: Contributor | X14: Monthly+ | Y14: Tokens/Multi-brand | Z14: A/B testing | AA14: SAST+DAST | AB14: =VALUE(R14)*6 -> 0 | AC14: =IFERROR(VLOOKUP(K14,PointsMap!D2:E3,2,0),0) -> 0 | AD14: =IFERROR(VLOOKUP(M14,PointsMap!G2:H5,2,0),0) -> 0 | AE14: =IFERROR(VLOOKUP(AA14,PointsMap!M2:N5,2,0),0) -> 0 | AF14: =IFERROR(VLOOKUP(Z14,PointsMap!J2:K5,2,0),0) -> 0 | AG14: =MIN(8,VALUE(T14)*2) -> 0 | AH14: =IFERROR(VLOOKUP(Q14,PointsMap!P2:Q5,2,0),0) -> 0 | AI14: =MIN(8,ROUND(VALUE(G14)*8,0)) -> 0 | AJ14: =IFERROR(VLOOKUP(I14,PointsMap!A2:B5,2,0),0) -> 0 | AK14: =IFERROR(VLOOKUP(W14,PointsMap!S2:T4,2,0),0) -> 0 | AL14: =IFERROR(VLOOKUP(X14,PointsMap!V2:W4,2,0),0) -> 0 | AM14: =MIN(5,VALUE(V14)) -> 0 | AN14: =AB14 -> 0 | AO14: =AC14+AD14+AE14+AF14 -> 0 | AP14: =AG14+AH14 -> 0 | AQ14: =AI14+AJ14 -> 0 | AR14: =AK14+AL14+AM14 -> 0 | AS14: =AN14*Weights!B3/100+AO14*Weights!B4/100+AP14*Weights!B5/100+AQ14*Weights!B6/100+AR14*Weights!B7/100 -> 0 | AT14: https://www.valtech.com/insights/topic/ai/ | AW14: https://www.valtech.com/about/information-security/ | AY14: https://www.valtech.com/careers/ | BA14: https://github.com/valtech | BB14: https://www.valtech.com/insights/ | BD14: AI insights hub; InfoSec; careers; OSS.
A15: Endava | B15: https://www.endava.com/ | C15: Public company | D15: 2000 | E15: 30 | F15: 5k–20k | G15: 0.3 | H15: 0.55 | I15: Distributed nearshore/offshore | J15: $1M–$5M | K15: Y | L15: Y | M15: WCAG AA | N15: Y | O15: 50 | P15: 100 | Q15: Mid (4–9) | R15: 3 | S15: Component generation | T15: 3 | U15: Commercial LLM | V15: 60 | W15: Contributor | X15: Quarterly | Y15: Tokens/Multi-brand | Z15: A/B testing | AA15: SAST+DAST | AB15: =VALUE(R15)*6 -> 0 | AC15: =IFERROR(VLOOKUP(K15,PointsMap!D2:E3,2,0),0) -> 0 | AD15: =IFERROR(VLOOKUP(M15,PointsMap!G2:H5,2,0),0) -> 0 | AE15: =IFERROR(VLOOKUP(AA15,PointsMap!M2:N5,2,0),0) -> 0 | AF15: =IFERROR(VLOOKUP(Z15,PointsMap!J2:K5,2,0),0) -> 0 | AG15: =MIN(8,VALUE(T15)*2) -> 0 | AH15: =IFERROR(VLOOKUP(Q15,PointsMap!P2:Q5,2,0),0) -> 0 | AI15: =MIN(8,ROUND(VALUE(G15)*8,0)) -> 0 | AJ15: =IFERROR(VLOOKUP(I15,PointsMap!A2:B5,2,0),0) -> 0 | AK15: =IFERROR(VLOOKUP(W15,PointsMap!S2:T4,2,0),0) -> 0 | AL15: =IFERROR(VLOOKUP(X15,PointsMap!V2:W4,2,0),0) -> 0 | AM15: =MIN(5,VALUE(V15)) -> 0 | AN15: =AB15 -> 0 | AO15: =AC15+AD15+AE15+AF15 -> 0 | AP15: =AG15+AH15 -> 0 | AQ15: =AI15+AJ15 -> 0 | AR15: =AK15+AL15+AM15 -> 0 | AS15: =AN15*Weights!B3/100+AO15*Weights!B4/100+AP15*Weights!B5/100+AQ15*Weights!B6/100+AR15*Weights!B7/100 -> 0 | AT15: https://www.endava.com/capabilities/ai-automation | AW15: https://www.endava.com/about/security | AY15: https://www.endava.com/careers | BA15: https://github.com/endava | BB15: https://www.endava.com/insights | BD15: AI & Automation capability; security page; sustainability/governance mentions ISO certs.
A16: CI&T | B16: https://www.ciandt.com/ | C16: Public company | D16: 1995 | E16: 25 | F16: 5k–20k | G16: 0.35 | H16: 0.45 | I16: Distributed nearshore/offshore | J16: $1M–$5M | K16: Y | L16: Y | M16: WCAG AA | N16: Y | O16: 35 | P16: 70 | Q16: Mid (4–9) | R16: 3 | S16: Copy/Localization | T16: 3 | U16: Commercial LLM | V16: 40 | W16: Contributor | X16: Monthly+ | Y16: Tokens/Multi-brand | Z16: A/B testing | AA16: Lint/Static analysis | AB16: =VALUE(R16)*6 -> 0 | AC16: =IFERROR(VLOOKUP(K16,PointsMap!D2:E3,2,0),0) -> 0 | AD16: =IFERROR(VLOOKUP(M16,PointsMap!G2:H5,2,0),0) -> 0 | AE16: =IFERROR(VLOOKUP(AA16,PointsMap!M2:N5,2,0),0) -> 0 | AF16: =IFERROR(VLOOKUP(Z16,PointsMap!J2:K5,2,0),0) -> 0 | AG16: =MIN(8,VALUE(T16)*2) -> 0 | AH16: =IFERROR(VLOOKUP(Q16,PointsMap!P2:Q5,2,0),0) -> 0 | AI16: =MIN(8,ROUND(VALUE(G16)*8,0)) -> 0 | AJ16: =IFERROR(VLOOKUP(I16,PointsMap!A2:B5,2,0),0) -> 0 | AK16: =IFERROR(VLOOKUP(W16,PointsMap!S2:T4,2,0),0) -> 0 | AL16: =IFERROR(VLOOKUP(X16,PointsMap!V2:W4,2,0),0) -> 0 | AM16: =MIN(5,VALUE(V16)) -> 0 | AN16: =AB16 -> 0 | AO16: =AC16+AD16+AE16+AF16 -> 0 | AP16: =AG16+AH16 -> 0 | AQ16: =AI16+AJ16 -> 0 | AR16: =AK16+AL16+AM16 -> 0 | AS16: =AN16*Weights!B3/100+AO16*Weights!B4/100+AP16*Weights!B5/100+AQ16*Weights!B6/100+AR16*Weights!B7/100 -> 0 | AT16: https://ciandt.com/us/en-us/ai | AW16: https://ciandt.com/us/en-us/lp/security-and-privacy | AY16: https://ciandt.com/us/en-us/careers | BA16: https://github.com/ciandt | BB16: https://ciandt.com/us/en-us/latest-content | BD16: AI practice page; security/privacy page; OSS.
A17: Thoughtworks | B17: https://www.thoughtworks.com/ | C17: Public company | D17: 1993 | E17: 40 | F17: 5k–20k | G17: 0.4 | H17: 0.45 | I17: Distributed nearshore/offshore | J17: $250k–$1M | K17: Y | L17: Y | M17: WCAG AA | N17: Y | O17: 50 | P17: 90 | Q17: Mid (4–9) | R17: 3 | S17: Component generation | T17: 3 | U17: Commercial + in-house RAG | V17: 80 | W17: Maintainer | X17: Monthly+ | Y17: Tokens/Multi-brand | Z17: Continuous experimentation | AA17: DevSecOps integrated | AB17: =VALUE(R17)*6 -> 0 | AC17: =IFERROR(VLOOKUP(K17,PointsMap!D2:E3,2,0),0) -> 0 | AD17: =IFERROR(VLOOKUP(M17,PointsMap!G2:H5,2,0),0) -> 0 | AE17: =IFERROR(VLOOKUP(AA17,PointsMap!M2:N5,2,0),0) -> 0 | AF17: =IFERROR(VLOOKUP(Z17,PointsMap!J2:K5,2,0),0) -> 0 | AG17: =MIN(8,VALUE(T17)*2) -> 0 | AH17: =IFERROR(VLOOKUP(Q17,PointsMap!P2:Q5,2,0),0) -> 0 | AI17: =MIN(8,ROUND(VALUE(G17)*8,0)) -> 0 | AJ17: =IFERROR(VLOOKUP(I17,PointsMap!A2:B5,2,0),0) -> 0 | AK17: =IFERROR(VLOOKUP(W17,PointsMap!S2:T4,2,0),0) -> 0 | AL17: =IFERROR(VLOOKUP(X17,PointsMap!V2:W4,2,0),0) -> 0 | AM17: =MIN(5,VALUE(V17)) -> 0 | AN17: =AB17 -> 0 | AO17: =AC17+AD17+AE17+AF17 -> 0 | AP17: =AG17+AH17 -> 0 | AQ17: =AI17+AJ17 -> 0 | AR17: =AK17+AL17+AM17 -> 0 | AS17: =AN17*Weights!B3/100+AO17*Weights!B4/100+AP17*Weights!B5/100+AQ17*Weights!B6/100+AR17*Weights!B7/100 -> 0 | AT17: https://www.thoughtworks.com/en-us/what-we-do/artificial-intelligence | AW17: https://www.thoughtworks.com/en-us/what-we-do/secure-by-design | AY17: https://www.thoughtworks.com/en-us/careers | AZ17: https://www.thoughtworks.com/en-us/insights/articles/responsible-tech-playbook | BA17: https://github.com/thoughtworks | BB17: https://www.thoughtworks.com/insights | BD17: Responsible tech & AI practice; secure-by-design; Tech Radar/insights as cadence evidence.
A18: Designit (Wipro) | B18: https://www.designit.com/ | C18: Business unit of public company | D18: 1991 | E18: 18 | F18: 1–5k | G18: 0.6 | H18: 0.2 | I18: Hybrid | J18: $250k–$1M | K18: N | L18: N | M18: WCAG AA | N18: Y | O18: 15 | P18: 12 | Q18: Low (1–3) | R18: 2 | S18: Copy/Localization | T18: 2 | U18: Commercial LLM | V18: 4 | W18: Contributor | X18: Quarterly | Y18: Guidelines | Z18: Event tracking | AA18: Lint/Static analysis | AB18: =VALUE(R18)*6 -> 0 | AC18: =IFERROR(VLOOKUP(K18,PointsMap!D2:E3,2,0),0) -> 0 | AD18: =IFERROR(VLOOKUP(M18,PointsMap!G2:H5,2,0),0) -> 0 | AE18: =IFERROR(VLOOKUP(AA18,PointsMap!M2:N5,2,0),0) -> 0 | AF18: =IFERROR(VLOOKUP(Z18,PointsMap!J2:K5,2,0),0) -> 0 | AG18: =MIN(8,VALUE(T18)*2) -> 0 | AH18: =IFERROR(VLOOKUP(Q18,PointsMap!P2:Q5,2,0),0) -> 0 | AI18: =MIN(8,ROUND(VALUE(G18)*8,0)) -> 0 | AJ18: =IFERROR(VLOOKUP(I18,PointsMap!A2:B5,2,0),0) -> 0 | AK18: =IFERROR(VLOOKUP(W18,PointsMap!S2:T4,2,0),0) -> 0 | AL18: =IFERROR(VLOOKUP(X18,PointsMap!V2:W4,2,0),0) -> 0 | AM18: =MIN(5,VALUE(V18)) -> 0 | AN18: =AB18 -> 0 | AO18: =AC18+AD18+AE18+AF18 -> 0 | AP18: =AG18+AH18 -> 0 | AQ18: =AI18+AJ18 -> 0 | AR18: =AK18+AL18+AM18 -> 0 | AS18: =AN18*Weights!B3/100+AO18*Weights!B4/100+AP18*Weights!B5/100+AQ18*Weights!B6/100+AR18*Weights!B7/100 -> 0
A19: WONGDOODY (Infosys) | B19: https://www.wongdoody.com/ | C19: Subsidiary brand of public holding company | D19: 1993 | E19: 12 | F19: 500–1k | G19: 0.55 | H19: 0.25 | I19: Hybrid | J19: $250k–$1M | K19: N | L19: N | M19: Guidelines only | N19: Y | O19: 10 | P19: 8 | Q19: Low (1–3) | R19: 2 | S19: Asset generation | T19: 2 | U19: Commercial LLM | V19: 2 | W19: None | X19: Quarterly | Y19: Guidelines | Z19: None | AB19: =VALUE(R19)*6 -> 0 | AC19: =IFERROR(VLOOKUP(K19,PointsMap!D2:E3,2,0),0) -> 0 | AD19: =IFERROR(VLOOKUP(M19,PointsMap!G2:H5,2,0),0) -> 0 | AE19: =IFERROR(VLOOKUP(AA19,PointsMap!M2:N5,2,0),0) -> 0 | AF19: =IFERROR(VLOOKUP(Z19,PointsMap!J2:K5,2,0),0) -> 0 | AG19: =MIN(8,VALUE(T19)*2) -> 0 | AH19: =IFERROR(VLOOKUP(Q19,PointsMap!P2:Q5,2,0),0) -> 0 | AI19: =MIN(8,ROUND(VALUE(G19)*8,0)) -> 0 | AJ19: =IFERROR(VLOOKUP(I19,PointsMap!A2:B5,2,0),0) -> 0 | AK19: =IFERROR(VLOOKUP(W19,PointsMap!S2:T4,2,0),0) -> 0 | AL19: =IFERROR(VLOOKUP(X19,PointsMap!V2:W4,2,0),0) -> 0 | AM19: =MIN(5,VALUE(V19)) -> 0 | AN19: =AB19 -> 0 | AO19: =AC19+AD19+AE19+AF19 -> 0 | AP19: =AG19+AH19 -> 0 | AQ19: =AI19+AJ19 -> 0 | AR19: =AK19+AL19+AM19 -> 0 | AS19: =AN19*Weights!B3/100+AO19*Weights!B4/100+AP19*Weights!B5/100+AQ19*Weights!B6/100+AR19*Weights!B7/100 -> 0
A20: Tata Elxsi | B20: https://www.tataelxsi.com/ | C20: Public company | D20: 1989 | E20: 20 | F20: 5k–20k | G20: 0.3 | H20: 0.5 | I20: Hybrid | J20: $250k–$1M | K20: Y | L20: Y | M20: WCAG AA | N20: Y | O20: 25 | P20: 40 | Q20: Mid (4–9) | R20: 3 | S20: Component generation | T20: 3 | U20: Commercial LLM | V20: 70 | W20: Contributor | X20: Quarterly | Y20: Tokens/Multi-brand | Z20: A/B testing | AA20: SAST+DAST | AB20: =VALUE(R20)*6 -> 0 | AC20: =IFERROR(VLOOKUP(K20,PointsMap!D2:E3,2,0),0) -> 0 | AD20: =IFERROR(VLOOKUP(M20,PointsMap!G2:H5,2,0),0) -> 0 | AE20: =IFERROR(VLOOKUP(AA20,PointsMap!M2:N5,2,0),0) -> 0 | AF20: =IFERROR(VLOOKUP(Z20,PointsMap!J2:K5,2,0),0) -> 0 | AG20: =MIN(8,VALUE(T20)*2) -> 0 | AH20: =IFERROR(VLOOKUP(Q20,PointsMap!P2:Q5,2,0),0) -> 0 | AI20: =MIN(8,ROUND(VALUE(G20)*8,0)) -> 0 | AJ20: =IFERROR(VLOOKUP(I20,PointsMap!A2:B5,2,0),0) -> 0 | AK20: =IFERROR(VLOOKUP(W20,PointsMap!S2:T4,2,0),0) -> 0 | AL20: =IFERROR(VLOOKUP(X20,PointsMap!V2:W4,2,0),0) -> 0 | AM20: =MIN(5,VALUE(V20)) -> 0 | AN20: =AB20 -> 0 | AO20: =AC20+AD20+AE20+AF20 -> 0 | AP20: =AG20+AH20 -> 0 | AQ20: =AI20+AJ20 -> 0 | AR20: =AK20+AL20+AM20 -> 0 | AS20: =AN20*Weights!B3/100+AO20*Weights!B4/100+AP20*Weights!B5/100+AQ20*Weights!B6/100+AR20*Weights!B7/100 -> 0
A21: Cheil Worldwide | B21: https://www.cheil.com/ | C21: Public company | D21: 1973 | E21: 53 | F21: 5k–20k | G21: 0.35 | H21: 0.35 | I21: Hybrid | J21: $250k–$1M | K21: N | L21: N | M21: Guidelines only | N21: Y | O21: 30 | P21: 20 | Q21: Low (1–3) | R21: 2 | S21: Asset generation | T21: 2 | U21: Commercial LLM | V21: 5 | W21: None | X21: Quarterly | Y21: Guidelines | Z21: Event tracking | AA21: Lint/Static analysis | AB21: =VALUE(R21)*6 -> 0 | AC21: =IFERROR(VLOOKUP(K21,PointsMap!D2:E3,2,0),0) -> 0 | AD21: =IFERROR(VLOOKUP(M21,PointsMap!G2:H5,2,0),0) -> 0 | AE21: =IFERROR(VLOOKUP(AA21,PointsMap!M2:N5,2,0),0) -> 0 | AF21: =IFERROR(VLOOKUP(Z21,PointsMap!J2:K5,2,0),0) -> 0 | AG21: =MIN(8,VALUE(T21)*2) -> 0 | AH21: =IFERROR(VLOOKUP(Q21,PointsMap!P2:Q5,2,0),0) -> 0 | AI21: =MIN(8,ROUND(VALUE(G21)*8,0)) -> 0 | AJ21: =IFERROR(VLOOKUP(I21,PointsMap!A2:B5,2,0),0) -> 0 | AK21: =IFERROR(VLOOKUP(W21,PointsMap!S2:T4,2,0),0) -> 0 | AL21: =IFERROR(VLOOKUP(X21,PointsMap!V2:W4,2,0),0) -> 0 | AM21: =MIN(5,VALUE(V21)) -> 0 | AN21: =AB21 -> 0 | AO21: =AC21+AD21+AE21+AF21 -> 0 | AP21: =AG21+AH21 -> 0 | AQ21: =AI21+AJ21 -> 0 | AR21: =AK21+AL21+AM21 -> 0 | AS21: =AN21*Weights!B3/100+AO21*Weights!B4/100+AP21*Weights!B5/100+AQ21*Weights!B6/100+AR21*Weights!B7/100 -> 0
A22: McKinsey Design | B22: https://www.mckinsey.com/capabilities/design | C22: Business unit of private partnership | D22: 1926 | E22: 65 | F22: >20k | G22: 0.3 | H22: 0.35 | I22: Hybrid | J22: >$5M | K22: Y | L22: Y | M22: WCAG AA | N22: Y | O22: 35 | P22: 60 | Q22: Mid (4–9) | R22: 3 | S22: Component generation | T22: 3 | U22: Commercial LLM | W22: Contributor | X22: Monthly+ | Y22: Tokens/Multi-brand | Z22: A/B testing | AA22: SAST+DAST | AB22: =VALUE(R22)*6 -> 0 | AC22: =IFERROR(VLOOKUP(K22,PointsMap!D2:E3,2,0),0) -> 0 | AD22: =IFERROR(VLOOKUP(M22,PointsMap!G2:H5,2,0),0) -> 0 | AE22: =IFERROR(VLOOKUP(AA22,PointsMap!M2:N5,2,0),0) -> 0 | AF22: =IFERROR(VLOOKUP(Z22,PointsMap!J2:K5,2,0),0) -> 0 | AG22: =MIN(8,VALUE(T22)*2) -> 0 | AH22: =IFERROR(VLOOKUP(Q22,PointsMap!P2:Q5,2,0),0) -> 0 | AI22: =MIN(8,ROUND(VALUE(G22)*8,0)) -> 0 | AJ22: =IFERROR(VLOOKUP(I22,PointsMap!A2:B5,2,0),0) -> 0 | AK22: =IFERROR(VLOOKUP(W22,PointsMap!S2:T4,2,0),0) -> 0 | AL22: =IFERROR(VLOOKUP(X22,PointsMap!V2:W4,2,0),0) -> 0 | AM22: =MIN(5,VALUE(V22)) -> 0 | AN22: =AB22 -> 0 | AO22: =AC22+AD22+AE22+AF22 -> 0 | AP22: =AG22+AH22 -> 0 | AQ22: =AI22+AJ22 -> 0 | AR22: =AK22+AL22+AM22 -> 0 | AS22: =AN22*Weights!B3/100+AO22*Weights!B4/100+AP22*Weights!B5/100+AQ22*Weights!B6/100+AR22*Weights!B7/100 -> 0 | AT22: https://www.mckinsey.com/capabilities/quantumblack/overview | AY22: https://www.mckinsey.com/careers | AZ22: https://www.mckinsey.com/featured-insights/mckinsey-explainers/what-is-generative-ai | BA22: https://github.com/mckinsey | BB22: https://www.mckinsey.com/featured-insights | BD22: Design unit within McKinsey; QuantumBlack as AI practice (high-level).
A23: BCG X (incl. Design) | B23: https://www.bcg.com/x | C23: Business unit of private partnership | D23: 1963 | E23: 50 | F23: >20k | G23: 0.3 | H23: 0.4 | I23: Hybrid | J23: >$5M | K23: Y | L23: Y | M23: WCAG AA | N23: Y | O23: 30 | P23: 55 | Q23: Mid (4–9) | R23: 3 | S23: Component generation | T23: 3 | U23: Commercial + in-house RAG | W23: Contributor | X23: Monthly+ | Y23: Tokens/Multi-brand | Z23: A/B testing | AA23: SAST+DAST | AB23: =VALUE(R23)*6 -> 0 | AC23: =IFERROR(VLOOKUP(K23,PointsMap!D2:E3,2,0),0) -> 0 | AD23: =IFERROR(VLOOKUP(M23,PointsMap!G2:H5,2,0),0) -> 0 | AE23: =IFERROR(VLOOKUP(AA23,PointsMap!M2:N5,2,0),0) -> 0 | AF23: =IFERROR(VLOOKUP(Z23,PointsMap!J2:K5,2,0),0) -> 0 | AG23: =MIN(8,VALUE(T23)*2) -> 0 | AH23: =IFERROR(VLOOKUP(Q23,PointsMap!P2:Q5,2,0),0) -> 0 | AI23: =MIN(8,ROUND(VALUE(G23)*8,0)) -> 0 | AJ23: =IFERROR(VLOOKUP(I23,PointsMap!A2:B5,2,0),0) -> 0 | AK23: =IFERROR(VLOOKUP(W23,PointsMap!S2:T4,2,0),0) -> 0 | AL23: =IFERROR(VLOOKUP(X23,PointsMap!V2:W4,2,0),0) -> 0 | AM23: =MIN(5,VALUE(V23)) -> 0 | AN23: =AB23 -> 0 | AO23: =AC23+AD23+AE23+AF23 -> 0 | AP23: =AG23+AH23 -> 0 | AQ23: =AI23+AJ23 -> 0 | AR23: =AK23+AL23+AM23 -> 0 | AS23: =AN23*Weights!B3/100+AO23*Weights!B4/100+AP23*Weights!B5/100+AQ23*Weights!B6/100+AR23*Weights!B7/100 -> 0 | AT23: https://www.bcg.com/x | AY23: https://www.bcg.com/careers | BB23: https://www.bcg.com/insights | BD23: BCG X umbrella for build/AI.
A24: Bain & Company (Digital) | B24: https://www.bain.com/consulting/digital/ | C24: Business unit of private partnership | D24: 1973 | E24: 65 | F24: >20k | G24: 0.25 | H24: 0.35 | I24: Hybrid | J24: >$5M | K24: Y | L24: Y | M24: Guidelines only | N24: Y | O24: 25 | P24: 40 | Q24: Low (1–3) | R24: 2 | S24: Copy/Localization | T24: 2 | U24: Commercial LLM | W24: None | X24: Quarterly | Y24: Guidelines | Z24: Event tracking | AA24: Lint/Static analysis | AB24: =VALUE(R24)*6 -> 0 | AC24: =IFERROR(VLOOKUP(K24,PointsMap!D2:E3,2,0),0) -> 0 | AD24: =IFERROR(VLOOKUP(M24,PointsMap!G2:H5,2,0),0) -> 0 | AE24: =IFERROR(VLOOKUP(AA24,PointsMap!M2:N5,2,0),0) -> 0 | AF24: =IFERROR(VLOOKUP(Z24,PointsMap!J2:K5,2,0),0) -> 0 | AG24: =MIN(8,VALUE(T24)*2) -> 0 | AH24: =IFERROR(VLOOKUP(Q24,PointsMap!P2:Q5,2,0),0) -> 0 | AI24: =MIN(8,ROUND(VALUE(G24)*8,0)) -> 0 | AJ24: =IFERROR(VLOOKUP(I24,PointsMap!A2:B5,2,0),0) -> 0 | AK24: =IFERROR(VLOOKUP(W24,PointsMap!S2:T4,2,0),0) -> 0 | AL24: =IFERROR(VLOOKUP(X24,PointsMap!V2:W4,2,0),0) -> 0 | AM24: =MIN(5,VALUE(V24)) -> 0 | AN24: =AB24 -> 0 | AO24: =AC24+AD24+AE24+AF24 -> 0 | AP24: =AG24+AH24 -> 0 | AQ24: =AI24+AJ24 -> 0 | AR24: =AK24+AL24+AM24 -> 0 | AS24: =AN24*Weights!B3/100+AO24*Weights!B4/100+AP24*Weights!B5/100+AQ24*Weights!B6/100+AR24*Weights!B7/100 -> 0 | AT24: https://www.bain.com/consulting/enterprise-technology/advanced-analytics/ | AY24: https://www.bain.com/careers/ | BB24: https://www.bain.com/insights/ | BD24: Advanced analytics/AI pages; insights.
A25: PwC Experience Center | B25: https://www.pwc.com/ | C25: Multinational network of independent member firms | D25: 1849 | E25: 150 | F25: >20k | G25: 0.3 | H25: 0.3 | I25: Hybrid | J25: >$5M | K25: Y | L25: Y | M25: WCAG AA | N25: Y | O25: 40 | P25: 60 | Q25: Mid (4–9) | R25: 3 | S25: Component generation | T25: 3 | U25: Commercial LLM | W25: Contributor | X25: Monthly+ | Y25: Tokens/Multi-brand | Z25: A/B testing | AA25: SAST+DAST | AB25: =VALUE(R25)*6 -> 0 | AC25: =IFERROR(VLOOKUP(K25,PointsMap!D2:E3,2,0),0) -> 0 | AD25: =IFERROR(VLOOKUP(M25,PointsMap!G2:H5,2,0),0) -> 0 | AE25: =IFERROR(VLOOKUP(AA25,PointsMap!M2:N5,2,0),0) -> 0 | AF25: =IFERROR(VLOOKUP(Z25,PointsMap!J2:K5,2,0),0) -> 0 | AG25: =MIN(8,VALUE(T25)*2) -> 0 | AH25: =IFERROR(VLOOKUP(Q25,PointsMap!P2:Q5,2,0),0) -> 0 | AI25: =MIN(8,ROUND(VALUE(G25)*8,0)) -> 0 | AJ25: =IFERROR(VLOOKUP(I25,PointsMap!A2:B5,2,0),0) -> 0 | AK25: =IFERROR(VLOOKUP(W25,PointsMap!S2:T4,2,0),0) -> 0 | AL25: =IFERROR(VLOOKUP(X25,PointsMap!V2:W4,2,0),0) -> 0 | AM25: =MIN(5,VALUE(V25)) -> 0 | AN25: =AB25 -> 0 | AO25: =AC25+AD25+AE25+AF25 -> 0 | AP25: =AG25+AH25 -> 0 | AQ25: =AI25+AJ25 -> 0 | AR25: =AK25+AL25+AM25 -> 0 | AS25: =AN25*Weights!B3/100+AO25*Weights!B4/100+AP25*Weights!B5/100+AQ25*Weights!B6/100+AR25*Weights!B7/100 -> 0 | AT25: https://www.pwc.com/gx/en/issues/analytics/artificial-intelligence.html | AY25: https://www.pwc.com/careers | BB25: https://www.pwc.com/gx/en/insights.html | BD25: Global AI/analytics hub.
A26: EY wavespace | B26: https://www.ey.com/ | C26: Multinational network of independent member firms | D26: 1989 | E26: 120 | F26: >20k | G26: 0.3 | H26: 0.3 | I26: Hybrid | J26: >$5M | K26: Y | L26: Y | M26: Guidelines only | N26: Y | O26: 30 | P26: 45 | Q26: Low (1–3) | R26: 2 | S26: Copy/Localization | T26: 2 | U26: Commercial LLM | W26: None | X26: Quarterly | Y26: Guidelines | Z26: Event tracking | AA26: Lint/Static analysis | AB26: =VALUE(R26)*6 -> 0 | AC26: =IFERROR(VLOOKUP(K26,PointsMap!D2:E3,2,0),0) -> 0 | AD26: =IFERROR(VLOOKUP(M26,PointsMap!G2:H5,2,0),0) -> 0 | AE26: =IFERROR(VLOOKUP(AA26,PointsMap!M2:N5,2,0),0) -> 0 | AF26: =IFERROR(VLOOKUP(Z26,PointsMap!J2:K5,2,0),0) -> 0 | AG26: =MIN(8,VALUE(T26)*2) -> 0 | AH26: =IFERROR(VLOOKUP(Q26,PointsMap!P2:Q5,2,0),0) -> 0 | AI26: =MIN(8,ROUND(VALUE(G26)*8,0)) -> 0 | AJ26: =IFERROR(VLOOKUP(I26,PointsMap!A2:B5,2,0),0) -> 0 | AK26: =IFERROR(VLOOKUP(W26,PointsMap!S2:T4,2,0),0) -> 0 | AL26: =IFERROR(VLOOKUP(X26,PointsMap!V2:W4,2,0),0) -> 0 | AM26: =MIN(5,VALUE(V26)) -> 0 | AN26: =AB26 -> 0 | AO26: =AC26+AD26+AE26+AF26 -> 0 | AP26: =AG26+AH26 -> 0 | AQ26: =AI26+AJ26 -> 0 | AR26: =AK26+AL26+AM26 -> 0 | AS26: =AN26*Weights!B3/100+AO26*Weights!B4/100+AP26*Weights!B5/100+AQ26*Weights!B6/100+AR26*Weights!B7/100 -> 0 | AT26: https://www.ey.com/en_gl/alliances/ai | AY26: https://www.ey.com/en_gl/careers | BB26: https://www.ey.com/en_gl/insights | BD26: AI alliances & insights.
A27: KPMG Experience Design | B27: https://kpmg.com/ | C27: Multinational network of independent member firms | D27: 1987 | E27: 120 | F27: >20k | G27: 0.3 | H27: 0.3 | I27: Hybrid | J27: >$5M | K27: Y | L27: Y | M27: WCAG AA | N27: Y | O27: 30 | P27: 40 | Q27: Low (1–3) | R27: 2 | S27: Copy/Localization | T27: 2 | U27: Commercial LLM | W27: None | X27: Quarterly | Y27: Guidelines | Z27: Event tracking | AA27: Lint/Static analysis | AB27: =VALUE(R27)*6 -> 0 | AC27: =IFERROR(VLOOKUP(K27,PointsMap!D2:E3,2,0),0) -> 0 | AD27: =IFERROR(VLOOKUP(M27,PointsMap!G2:H5,2,0),0) -> 0 | AE27: =IFERROR(VLOOKUP(AA27,PointsMap!M2:N5,2,0),0) -> 0 | AF27: =IFERROR(VLOOKUP(Z27,PointsMap!J2:K5,2,0),0) -> 0 | AG27: =MIN(8,VALUE(T27)*2) -> 0 | AH27: =IFERROR(VLOOKUP(Q27,PointsMap!P2:Q5,2,0),0) -> 0 | AI27: =MIN(8,ROUND(VALUE(G27)*8,0)) -> 0 | AJ27: =IFERROR(VLOOKUP(I27,PointsMap!A2:B5,2,0),0) -> 0 | AK27: =IFERROR(VLOOKUP(W27,PointsMap!S2:T4,2,0),0) -> 0 | AL27: =IFERROR(VLOOKUP(X27,PointsMap!V2:W4,2,0),0) -> 0 | AM27: =MIN(5,VALUE(V27)) -> 0 | AN27: =AB27 -> 0 | AO27: =AC27+AD27+AE27+AF27 -> 0 | AP27: =AG27+AH27 -> 0 | AQ27: =AI27+AJ27 -> 0 | AR27: =AK27+AL27+AM27 -> 0 | AS27: =AN27*Weights!B3/100+AO27*Weights!B4/100+AP27*Weights!B5/100+AQ27*Weights!B6/100+AR27*Weights!B7/100 -> 0 | AT27: https://kpmg.com/xx/en/home/services/technology/artificial-intelligence.html | AY27: https://kpmg.com/careers | BB27: https://kpmg.com/xx/en/home/insights.html | BD27: AI services overview.
A28: Cognizant Digital Experience | B28: https://www.cognizant.com/ | C28: Business unit of public company | D28: 1994 | E28: 90 | F28: >20k | G28: 0.3 | H28: 0.5 | I28: Distributed nearshore/offshore | J28: $1M–$5M | K28: Y | L28: Y | M28: WCAG AA | N28: Y | O28: 60 | P28: 120 | Q28: High (10+) | R28: 4 | S28: Component generation | T28: 4 | U28: Commercial + in-house RAG | W28: Contributor | X28: Monthly+ | Y28: Tokens/Multi-brand | Z28: A/B testing | AA28: SAST+DAST | AB28: =VALUE(R28)*6 -> 0 | AC28: =IFERROR(VLOOKUP(K28,PointsMap!D2:E3,2,0),0) -> 0 | AD28: =IFERROR(VLOOKUP(M28,PointsMap!G2:H5,2,0),0) -> 0 | AE28: =IFERROR(VLOOKUP(AA28,PointsMap!M2:N5,2,0),0) -> 0 | AF28: =IFERROR(VLOOKUP(Z28,PointsMap!J2:K5,2,0),0) -> 0 | AG28: =MIN(8,VALUE(T28)*2) -> 0 | AH28: =IFERROR(VLOOKUP(Q28,PointsMap!P2:Q5,2,0),0) -> 0 | AI28: =MIN(8,ROUND(VALUE(G28)*8,0)) -> 0 | AJ28: =IFERROR(VLOOKUP(I28,PointsMap!A2:B5,2,0),0) -> 0 | AK28: =IFERROR(VLOOKUP(W28,PointsMap!S2:T4,2,0),0) -> 0 | AL28: =IFERROR(VLOOKUP(X28,PointsMap!V2:W4,2,0),0) -> 0 | AM28: =MIN(5,VALUE(V28)) -> 0 | AN28: =AB28 -> 0 | AO28: =AC28+AD28+AE28+AF28 -> 0 | AP28: =AG28+AH28 -> 0 | AQ28: =AI28+AJ28 -> 0 | AR28: =AK28+AL28+AM28 -> 0 | AS28: =AN28*Weights!B3/100+AO28*Weights!B4/100+AP28*Weights!B5/100+AQ28*Weights!B6/100+AR28*Weights!B7/100 -> 0 | AT28: https://www.cognizant.com/us/en/services/ai | AU28: https://www.cognizant.com/us/en/about-cognizant/trust-center | AW28: https://www.cognizant.com/us/en/about-cognizant/trust-center | AY28: https://careers.cognizant.com/ | BA28: https://github.com/CognizantOpenSource | BB28: https://www.cognizant.com/us/en/insights | BD28: Trust Center; AI services; OSS org.
A29: Infosys (Digital Experience) | B29: https://www.infosys.com/ | C29: Business unit of public company | D29: 1981 | E29: 85 | F29: >20k | G29: 0.25 | H29: 0.55 | I29: Distributed nearshore/offshore | J29: $1M–$5M | K29: Y | L29: Y | M29: WCAG AA | N29: Y | O29: 55 | P29: 110 | Q29: High (10+) | R29: 4 | S29: Component generation | T29: 4 | U29: Commercial + in-house RAG | W29: Contributor | X29: Monthly+ | Y29: Tokens/Multi-brand | Z29: A/B testing | AA29: SAST+DAST | AB29: =VALUE(R29)*6 -> 0 | AC29: =IFERROR(VLOOKUP(K29,PointsMap!D2:E3,2,0),0) -> 0 | AD29: =IFERROR(VLOOKUP(M29,PointsMap!G2:H5,2,0),0) -> 0 | AE29: =IFERROR(VLOOKUP(AA29,PointsMap!M2:N5,2,0),0) -> 0 | AF29: =IFERROR(VLOOKUP(Z29,PointsMap!J2:K5,2,0),0) -> 0 | AG29: =MIN(8,VALUE(T29)*2) -> 0 | AH29: =IFERROR(VLOOKUP(Q29,PointsMap!P2:Q5,2,0),0) -> 0 | AI29: =MIN(8,ROUND(VALUE(G29)*8,0)) -> 0 | AJ29: =IFERROR(VLOOKUP(I29,PointsMap!A2:B5,2,0),0) -> 0 | AK29: =IFERROR(VLOOKUP(W29,PointsMap!S2:T4,2,0),0) -> 0 | AL29: =IFERROR(VLOOKUP(X29,PointsMap!V2:W4,2,0),0) -> 0 | AM29: =MIN(5,VALUE(V29)) -> 0 | AN29: =AB29 -> 0 | AO29: =AC29+AD29+AE29+AF29 -> 0 | AP29: =AG29+AH29 -> 0 | AQ29: =AI29+AJ29 -> 0 | AR29: =AK29+AL29+AM29 -> 0 | AS29: =AN29*Weights!B3/100+AO29*Weights!B4/100+AP29*Weights!B5/100+AQ29*Weights!B6/100+AR29*Weights!B7/100 -> 0 | AT29: https://www.infosys.com/services/data-analytics/offerings/generative-ai.html | AU29: https://www.infosys.com/trust-center/information-security.html | AW29: https://www.infosys.com/services/cyber-security | AY29: https://www.infosys.com/careers/apply.html | BA29: https://github.com/infosys | BB29: https://www.infosys.com/insights | BD29: Trust center; GenAI page; OSS.
A30: Wipro Design | B30: https://www.wipro.com/ | C30: Business unit of public company | D30: 1945 | E30: 70 | F30: >20k | G30: 0.3 | H30: 0.45 | I30: Distributed nearshore/offshore | J30: $1M–$5M | K30: Y | L30: Y | M30: WCAG AA | N30: Y | O30: 40 | P30: 80 | Q30: Mid (4–9) | R30: 3 | S30: Copy/Localization | T30: 3 | U30: Commercial LLM | W30: Contributor | X30: Quarterly | Y30: Tokens/Multi-brand | Z30: A/B testing | AA30: Lint/Static analysis | AB30: =VALUE(R30)*6 -> 0 | AC30: =IFERROR(VLOOKUP(K30,PointsMap!D2:E3,2,0),0) -> 0 | AD30: =IFERROR(VLOOKUP(M30,PointsMap!G2:H5,2,0),0) -> 0 | AE30: =IFERROR(VLOOKUP(AA30,PointsMap!M2:N5,2,0),0) -> 0 | AF30: =IFERROR(VLOOKUP(Z30,PointsMap!J2:K5,2,0),0) -> 0 | AG30: =MIN(8,VALUE(T30)*2) -> 0 | AH30: =IFERROR(VLOOKUP(Q30,PointsMap!P2:Q5,2,0),0) -> 0 | AI30: =MIN(8,ROUND(VALUE(G30)*8,0)) -> 0 | AJ30: =IFERROR(VLOOKUP(I30,PointsMap!A2:B5,2,0),0) -> 0 | AK30: =IFERROR(VLOOKUP(W30,PointsMap!S2:T4,2,0),0) -> 0 | AL30: =IFERROR(VLOOKUP(X30,PointsMap!V2:W4,2,0),0) -> 0 | AM30: =MIN(5,VALUE(V30)) -> 0 | AN30: =AB30 -> 0 | AO30: =AC30+AD30+AE30+AF30 -> 0 | AP30: =AG30+AH30 -> 0 | AQ30: =AI30+AJ30 -> 0 | AR30: =AK30+AL30+AM30 -> 0 | AS30: =AN30*Weights!B3/100+AO30*Weights!B4/100+AP30*Weights!B5/100+AQ30*Weights!B6/100+AR30*Weights!B7/100 -> 0 | AT30: https://www.wipro.com/ai/ | AU30: https://www.wipro.com/service-nets/information-security/ | AY30: https://careers.wipro.com/ | BA30: https://github.com/WiproOpenSource | BB30: https://www.wipro.com/insights/ | BD30: AI hub; InfoSec; OSS.
A31: HCLTech Digital | B31: https://www.hcltech.com/ | C31: Business unit of public company | D31: 1976 | E31: 60 | F31: >20k | G31: 0.25 | H31: 0.55 | I31: Distributed nearshore/offshore | J31: $1M–$5M | K31: Y | L31: Y | M31: Guidelines only | N31: Y | O31: 35 | P31: 70 | Q31: Mid (4–9) | R31: 3 | S31: Copy/Localization | T31: 3 | U31: Commercial LLM | W31: None | X31: Quarterly | Y31: Guidelines | Z31: Event tracking | AA31: Lint/Static analysis | AB31: =VALUE(R31)*6 -> 0 | AC31: =IFERROR(VLOOKUP(K31,PointsMap!D2:E3,2,0),0) -> 0 | AD31: =IFERROR(VLOOKUP(M31,PointsMap!G2:H5,2,0),0) -> 0 | AE31: =IFERROR(VLOOKUP(AA31,PointsMap!M2:N5,2,0),0) -> 0 | AF31: =IFERROR(VLOOKUP(Z31,PointsMap!J2:K5,2,0),0) -> 0 | AG31: =MIN(8,VALUE(T31)*2) -> 0 | AH31: =IFERROR(VLOOKUP(Q31,PointsMap!P2:Q5,2,0),0) -> 0 | AI31: =MIN(8,ROUND(VALUE(G31)*8,0)) -> 0 | AJ31: =IFERROR(VLOOKUP(I31,PointsMap!A2:B5,2,0),0) -> 0 | AK31: =IFERROR(VLOOKUP(W31,PointsMap!S2:T4,2,0),0) -> 0 | AL31: =IFERROR(VLOOKUP(X31,PointsMap!V2:W4,2,0),0) -> 0 | AM31: =MIN(5,VALUE(V31)) -> 0 | AN31: =AB31 -> 0 | AO31: =AC31+AD31+AE31+AF31 -> 0 | AP31: =AG31+AH31 -> 0 | AQ31: =AI31+AJ31 -> 0 | AR31: =AK31+AL31+AM31 -> 0 | AS31: =AN31*Weights!B3/100+AO31*Weights!B4/100+AP31*Weights!B5/100+AQ31*Weights!B6/100+AR31*Weights!B7/100 -> 0 | AT31: https://www.hcltech.com/ai | AY31: https://www.hcltech.com/careers | BA31: https://github.com/hcltech | BB31: https://www.hcltech.com/blogs | BD31: AI landing; careers; blog; OSS.
A32: TCS Interactive | B32: https://www.tcs.com/what-we-do/services/interactive | C32: Business unit of public company | D32: 1968 | E32: 100 | F32: >20k | G32: 0.25 | H32: 0.55 | I32: Distributed nearshore/offshore | J32: $1M–$5M | K32: Y | L32: Y | M32: WCAG AA | N32: Y | O32: 70 | P32: 130 | Q32: High (10+) | R32: 4 | S32: Component generation | T32: 4 | U32: Commercial + in-house RAG | W32: Contributor | X32: Monthly+ | Y32: Tokens/Multi-brand | Z32: A/B testing | AA32: SAST+DAST | AB32: =VALUE(R32)*6 -> 0 | AC32: =IFERROR(VLOOKUP(K32,PointsMap!D2:E3,2,0),0) -> 0 | AD32: =IFERROR(VLOOKUP(M32,PointsMap!G2:H5,2,0),0) -> 0 | AE32: =IFERROR(VLOOKUP(AA32,PointsMap!M2:N5,2,0),0) -> 0 | AF32: =IFERROR(VLOOKUP(Z32,PointsMap!J2:K5,2,0),0) -> 0 | AG32: =MIN(8,VALUE(T32)*2) -> 0 | AH32: =IFERROR(VLOOKUP(Q32,PointsMap!P2:Q5,2,0),0) -> 0 | AI32: =MIN(8,ROUND(VALUE(G32)*8,0)) -> 0 | AJ32: =IFERROR(VLOOKUP(I32,PointsMap!A2:B5,2,0),0) -> 0 | AK32: =IFERROR(VLOOKUP(W32,PointsMap!S2:T4,2,0),0) -> 0 | AL32: =IFERROR(VLOOKUP(X32,PointsMap!V2:W4,2,0),0) -> 0 | AM32: =MIN(5,VALUE(V32)) -> 0 | AN32: =AB32 -> 0 | AO32: =AC32+AD32+AE32+AF32 -> 0 | AP32: =AG32+AH32 -> 0 | AQ32: =AI32+AJ32 -> 0 | AR32: =AK32+AL32+AM32 -> 0 | AS32: =AN32*Weights!B3/100+AO32*Weights!B4/100+AP32*Weights!B5/100+AQ32*Weights!B6/100+AR32*Weights!B7/100 -> 0 | AT32: https://www.tcs.com/what-we-do/services/ai-cloud | AU32: https://www.tcs.com/who-we-are/security-trust | AY32: https://www.tcs.com/careers | BA32: https://github.com/TCS-Research | BB32: https://www.tcs.com/insights | BD32: AI & Cloud services; Trust page; Research GitHub.
A33: NTT DATA Design (Tangity) | B33: https://www.tangity.design/ | C33: Business unit of public company | D33: 1988 | E33: 60 | F33: >20k | G33: 0.35 | H33: 0.45 | I33: Hybrid | J33: $1M–$5M | K33: Y | L33: Y | M33: WCAG AA | N33: Y | O33: 30 | P33: 50 | Q33: Mid (4–9) | R33: 3 | S33: Copy/Localization | T33: 3 | U33: Commercial LLM | W33: Contributor | X33: Quarterly | Y33: Tokens/Multi-brand | Z33: A/B testing | AA33: Lint/Static analysis | AB33: =VALUE(R33)*6 -> 0 | AC33: =IFERROR(VLOOKUP(K33,PointsMap!D2:E3,2,0),0) -> 0 | AD33: =IFERROR(VLOOKUP(M33,PointsMap!G2:H5,2,0),0) -> 0 | AE33: =IFERROR(VLOOKUP(AA33,PointsMap!M2:N5,2,0),0) -> 0 | AF33: =IFERROR(VLOOKUP(Z33,PointsMap!J2:K5,2,0),0) -> 0 | AG33: =MIN(8,VALUE(T33)*2) -> 0 | AH33: =IFERROR(VLOOKUP(Q33,PointsMap!P2:Q5,2,0),0) -> 0 | AI33: =MIN(8,ROUND(VALUE(G33)*8,0)) -> 0 | AJ33: =IFERROR(VLOOKUP(I33,PointsMap!A2:B5,2,0),0) -> 0 | AK33: =IFERROR(VLOOKUP(W33,PointsMap!S2:T4,2,0),0) -> 0 | AL33: =IFERROR(VLOOKUP(X33,PointsMap!V2:W4,2,0),0) -> 0 | AM33: =MIN(5,VALUE(V33)) -> 0 | AN33: =AB33 -> 0 | AO33: =AC33+AD33+AE33+AF33 -> 0 | AP33: =AG33+AH33 -> 0 | AQ33: =AI33+AJ33 -> 0 | AR33: =AK33+AL33+AM33 -> 0 | AS33: =AN33*Weights!B3/100+AO33*Weights!B4/100+AP33*Weights!B5/100+AQ33*Weights!B6/100+AR33*Weights!B7/100 -> 0 | AT33: https://www.nttdata.com/global/en/offerings/advisory/ai | AY33: https://www.nttdata.com/global/en/careers | BA33: https://github.com/nttdata | BB33: https://www.nttdata.com/global/en/insights | BD33: Global AI offerings page.
A34: Isobar (Dentsu Creative) | B34: https://www.dentsu.com/ | C34: Subsidiary brand of public holding company | D34: 1901 | E34: 50 | F34: 5k–20k | G34: 0.45 | H34: 0.3 | I34: Hybrid | J34: $250k–$1M | K34: N | L34: N | M34: Guidelines only | N34: Y | O34: 20 | P34: 20 | Q34: Low (1–3) | R34: 2 | S34: Asset generation | T34: 2 | U34: Commercial LLM | W34: None | X34: Quarterly | Y34: Guidelines | Z34: Event tracking | AA34: None | AB34: =VALUE(R34)*6 -> 0 | AC34: =IFERROR(VLOOKUP(K34,PointsMap!D2:E3,2,0),0) -> 0 | AD34: =IFERROR(VLOOKUP(M34,PointsMap!G2:H5,2,0),0) -> 0 | AE34: =IFERROR(VLOOKUP(AA34,PointsMap!M2:N5,2,0),0) -> 0 | AF34: =IFERROR(VLOOKUP(Z34,PointsMap!J2:K5,2,0),0) -> 0 | AG34: =MIN(8,VALUE(T34)*2) -> 0 | AH34: =IFERROR(VLOOKUP(Q34,PointsMap!P2:Q5,2,0),0) -> 0 | AI34: =MIN(8,ROUND(VALUE(G34)*8,0)) -> 0 | AJ34: =IFERROR(VLOOKUP(I34,PointsMap!A2:B5,2,0),0) -> 0 | AK34: =IFERROR(VLOOKUP(W34,PointsMap!S2:T4,2,0),0) -> 0 | AL34: =IFERROR(VLOOKUP(X34,PointsMap!V2:W4,2,0),0) -> 0 | AM34: =MIN(5,VALUE(V34)) -> 0 | AN34: =AB34 -> 0 | AO34: =AC34+AD34+AE34+AF34 -> 0 | AP34: =AG34+AH34 -> 0 | AQ34: =AI34+AJ34 -> 0 | AR34: =AK34+AL34+AM34 -> 0 | AS34: =AN34*Weights!B3/100+AO34*Weights!B4/100+AP34*Weights!B5/100+AQ34*Weights!B6/100+AR34*Weights!B7/100 -> 0 | AT34: https://www.dentsu.com/services/creative | AY34: https://www.dentsu.com/careers | BB34: https://www.dentsu.com/our-thinking | BD34: Dentsu creative/tech umbrella.
A35: VML (WPP) | B35: https://www.vml.com/ | C35: Subsidiary brand of public holding company | D35: 2023 | E35: 60 | F35: 5k–20k | G35: 0.5 | H35: 0.3 | I35: Hybrid | J35: $250k–$1M | K35: N | L35: N | M35: Guidelines only | N35: Y | O35: 25 | P35: 25 | Q35: Low (1–3) | R35: 2 | S35: Asset generation | T35: 2 | U35: Commercial LLM | W35: Contributor | X35: Monthly+ | Y35: Guidelines | Z35: Event tracking | AA35: Lint/Static analysis | AB35: =VALUE(R35)*6 -> 0 | AC35: =IFERROR(VLOOKUP(K35,PointsMap!D2:E3,2,0),0) -> 0 | AD35: =IFERROR(VLOOKUP(M35,PointsMap!G2:H5,2,0),0) -> 0 | AE35: =IFERROR(VLOOKUP(AA35,PointsMap!M2:N5,2,0),0) -> 0 | AF35: =IFERROR(VLOOKUP(Z35,PointsMap!J2:K5,2,0),0) -> 0 | AG35: =MIN(8,VALUE(T35)*2) -> 0 | AH35: =IFERROR(VLOOKUP(Q35,PointsMap!P2:Q5,2,0),0) -> 0 | AI35: =MIN(8,ROUND(VALUE(G35)*8,0)) -> 0 | AJ35: =IFERROR(VLOOKUP(I35,PointsMap!A2:B5,2,0),0) -> 0 | AK35: =IFERROR(VLOOKUP(W35,PointsMap!S2:T4,2,0),0) -> 0 | AL35: =IFERROR(VLOOKUP(X35,PointsMap!V2:W4,2,0),0) -> 0 | AM35: =MIN(5,VALUE(V35)) -> 0 | AN35: =AB35 -> 0 | AO35: =AC35+AD35+AE35+AF35 -> 0 | AP35: =AG35+AH35 -> 0 | AQ35: =AI35+AJ35 -> 0 | AR35: =AK35+AL35+AM35 -> 0 | AS35: =AN35*Weights!B3/100+AO35*Weights!B4/100+AP35*Weights!B5/100+AQ35*Weights!B6/100+AR35*Weights!B7/100 -> 0 | AT35: https://www.vml.com/services/technology | AY35: https://www.vml.com/careers | BB35: https://www.vml.com/insights | BD35: Tech services page.
A36: Ogilvy Experience | B36: https://www.ogilvy.com/ | C36: Subsidiary brand of public holding company | D36: 1948 | E36: 50 | F36: 5k–20k | G36: 0.5 | H36: 0.25 | I36: Hybrid | J36: $250k–$1M | K36: N | L36: N | M36: Guidelines only | N36: Y | O36: 25 | P36: 20 | Q36: Low (1–3) | R36: 2 | S36: Copy/Localization | T36: 2 | U36: Commercial LLM | W36: None | X36: Quarterly | Y36: Guidelines | Z36: Event tracking | AA36: None | AB36: =VALUE(R36)*6 -> 0 | AC36: =IFERROR(VLOOKUP(K36,PointsMap!D2:E3,2,0),0) -> 0 | AD36: =IFERROR(VLOOKUP(M36,PointsMap!G2:H5,2,0),0) -> 0 | AE36: =IFERROR(VLOOKUP(AA36,PointsMap!M2:N5,2,0),0) -> 0 | AF36: =IFERROR(VLOOKUP(Z36,PointsMap!J2:K5,2,0),0) -> 0 | AG36: =MIN(8,VALUE(T36)*2) -> 0 | AH36: =IFERROR(VLOOKUP(Q36,PointsMap!P2:Q5,2,0),0) -> 0 | AI36: =MIN(8,ROUND(VALUE(G36)*8,0)) -> 0 | AJ36: =IFERROR(VLOOKUP(I36,PointsMap!A2:B5,2,0),0) -> 0 | AK36: =IFERROR(VLOOKUP(W36,PointsMap!S2:T4,2,0),0) -> 0 | AL36: =IFERROR(VLOOKUP(X36,PointsMap!V2:W4,2,0),0) -> 0 | AM36: =MIN(5,VALUE(V36)) -> 0 | AN36: =AB36 -> 0 | AO36: =AC36+AD36+AE36+AF36 -> 0 | AP36: =AG36+AH36 -> 0 | AQ36: =AI36+AJ36 -> 0 | AR36: =AK36+AL36+AM36 -> 0 | AS36: =AN36*Weights!B3/100+AO36*Weights!B4/100+AP36*Weights!B5/100+AQ36*Weights!B6/100+AR36*Weights!B7/100 -> 0 | AT36: https://www.ogilvy.com/capabilities/consulting | AY36: https://www.ogilvy.com/careers | BB36: https://www.ogilvy.com/ideas | BD36: Consulting/experience capability.
A37: Razorfish (Publicis) | B37: https://www.razorfish.com/ | C37: Subsidiary brand of public holding company | D37: 1995 | E37: 15 | F37: 1–5k | G37: 0.55 | H37: 0.25 | I37: Hybrid | J37: $250k–$1M | K37: N | L37: N | M37: WCAG AA | N37: Y | O37: 15 | P37: 12 | Q37: Low (1–3) | R37: 2 | S37: Copy/Localization | T37: 2 | U37: Commercial LLM | W37: Contributor | X37: Monthly+ | Y37: Guidelines | Z37: A/B testing | AA37: Lint/Static analysis | AB37: =VALUE(R37)*6 -> 0 | AC37: =IFERROR(VLOOKUP(K37,PointsMap!D2:E3,2,0),0) -> 0 | AD37: =IFERROR(VLOOKUP(M37,PointsMap!G2:H5,2,0),0) -> 0 | AE37: =IFERROR(VLOOKUP(AA37,PointsMap!M2:N5,2,0),0) -> 0 | AF37: =IFERROR(VLOOKUP(Z37,PointsMap!J2:K5,2,0),0) -> 0 | AG37: =MIN(8,VALUE(T37)*2) -> 0 | AH37: =IFERROR(VLOOKUP(Q37,PointsMap!P2:Q5,2,0),0) -> 0 | AI37: =MIN(8,ROUND(VALUE(G37)*8,0)) -> 0 | AJ37: =IFERROR(VLOOKUP(I37,PointsMap!A2:B5,2,0),0) -> 0 | AK37: =IFERROR(VLOOKUP(W37,PointsMap!S2:T4,2,0),0) -> 0 | AL37: =IFERROR(VLOOKUP(X37,PointsMap!V2:W4,2,0),0) -> 0 | AM37: =MIN(5,VALUE(V37)) -> 0 | AN37: =AB37 -> 0 | AO37: =AC37+AD37+AE37+AF37 -> 0 | AP37: =AG37+AH37 -> 0 | AQ37: =AI37+AJ37 -> 0 | AR37: =AK37+AL37+AM37 -> 0 | AS37: =AN37*Weights!B3/100+AO37*Weights!B4/100+AP37*Weights!B5/100+AQ37*Weights!B6/100+AR37*Weights!B7/100 -> 0 | AT37: https://www.razorfish.com/capabilities/technology | AY37: https://www.razorfish.com/careers | BB37: https://www.razorfish.com/ideas | BD37: Tech capability and ideas.
A38: Havas CX | B38: https://www.havascx.com/ | C38: Subsidiary brand of private holding company | D38: 1835 | E38: 20 | F38: 1–5k | G38: 0.55 | H38: 0.25 | I38: Hybrid | J38: $250k–$1M | K38: N | L38: N | M38: Guidelines only | N38: Y | O38: 12 | P38: 8 | Q38: Low (1–3) | R38: 2 | S38: Asset generation | T38: 2 | U38: Commercial LLM | W38: None | X38: Quarterly | Y38: Guidelines | Z38: Event tracking | AA38: None | AB38: =VALUE(R38)*6 -> 0 | AC38: =IFERROR(VLOOKUP(K38,PointsMap!D2:E3,2,0),0) -> 0 | AD38: =IFERROR(VLOOKUP(M38,PointsMap!G2:H5,2,0),0) -> 0 | AE38: =IFERROR(VLOOKUP(AA38,PointsMap!M2:N5,2,0),0) -> 0 | AF38: =IFERROR(VLOOKUP(Z38,PointsMap!J2:K5,2,0),0) -> 0 | AG38: =MIN(8,VALUE(T38)*2) -> 0 | AH38: =IFERROR(VLOOKUP(Q38,PointsMap!P2:Q5,2,0),0) -> 0 | AI38: =MIN(8,ROUND(VALUE(G38)*8,0)) -> 0 | AJ38: =IFERROR(VLOOKUP(I38,PointsMap!A2:B5,2,0),0) -> 0 | AK38: =IFERROR(VLOOKUP(W38,PointsMap!S2:T4,2,0),0) -> 0 | AL38: =IFERROR(VLOOKUP(X38,PointsMap!V2:W4,2,0),0) -> 0 | AM38: =MIN(5,VALUE(V38)) -> 0 | AN38: =AB38 -> 0 | AO38: =AC38+AD38+AE38+AF38 -> 0 | AP38: =AG38+AH38 -> 0 | AQ38: =AI38+AJ38 -> 0 | AR38: =AK38+AL38+AM38 -> 0 | AS38: =AN38*Weights!B3/100+AO38*Weights!B4/100+AP38*Weights!B5/100+AQ38*Weights!B6/100+AR38*Weights!B7/100 -> 0 | AT38: https://www.havas.com/our-capabilities | AY38: https://www.havas.com/careers | BB38: https://www.havas.com/news/ | BD38: Group capability hub.
A39: Code and Theory (Stagwell) | B39: https://www.codeandtheory.com/ | C39: Subsidiary brand of public holding company | D39: 2001 | E39: 10 | F39: 1–5k | G39: 0.6 | H39: 0.25 | I39: Hybrid | J39: $250k–$1M | K39: N | L39: N | M39: Guidelines only | N39: Y | O39: 15 | P39: 10 | Q39: Low (1–3) | R39: 2 | S39: Asset generation | T39: 2 | U39: Commercial LLM | W39: Contributor | X39: Monthly+ | Y39: Guidelines | Z39: Event tracking | AA39: None | AB39: =VALUE(R39)*6 -> 0 | AC39: =IFERROR(VLOOKUP(K39,PointsMap!D2:E3,2,0),0) -> 0 | AD39: =IFERROR(VLOOKUP(M39,PointsMap!G2:H5,2,0),0) -> 0 | AE39: =IFERROR(VLOOKUP(AA39,PointsMap!M2:N5,2,0),0) -> 0 | AF39: =IFERROR(VLOOKUP(Z39,PointsMap!J2:K5,2,0),0) -> 0 | AG39: =MIN(8,VALUE(T39)*2) -> 0 | AH39: =IFERROR(VLOOKUP(Q39,PointsMap!P2:Q5,2,0),0) -> 0 | AI39: =MIN(8,ROUND(VALUE(G39)*8,0)) -> 0 | AJ39: =IFERROR(VLOOKUP(I39,PointsMap!A2:B5,2,0),0) -> 0 | AK39: =IFERROR(VLOOKUP(W39,PointsMap!S2:T4,2,0),0) -> 0 | AL39: =IFERROR(VLOOKUP(X39,PointsMap!V2:W4,2,0),0) -> 0 | AM39: =MIN(5,VALUE(V39)) -> 0 | AN39: =AB39 -> 0 | AO39: =AC39+AD39+AE39+AF39 -> 0 | AP39: =AG39+AH39 -> 0 | AQ39: =AI39+AJ39 -> 0 | AR39: =AK39+AL39+AM39 -> 0 | AS39: =AN39*Weights!B3/100+AO39*Weights!B4/100+AP39*Weights!B5/100+AQ39*Weights!B6/100+AR39*Weights!B7/100 -> 0 | AT39: https://www.codeandtheory.com/expertise/technology | AY39: https://www.codeandtheory.com/careers | BB39: https://www.codeandtheory.com/thinking | BD39: Tech expertise; thinking hub.
A40: Critical Mass (Omnicom) | B40: https://www.criticalmass.com/ | C40: Subsidiary of public company | D40: 1996 | E40: 12 | F40: 1–5k | G40: 0.6 | H40: 0.25 | I40: Hybrid | J40: $250k–$1M | K40: N | L40: N | M40: Guidelines only | N40: Y | O40: 12 | P40: 8 | Q40: Low (1–3) | R40: 2 | S40: Copy/Localization | T40: 2 | U40: Commercial LLM | W40: None | X40: Quarterly | Y40: Guidelines | Z40: Event tracking | AA40: None | AB40: =VALUE(R40)*6 -> 0 | AC40: =IFERROR(VLOOKUP(K40,PointsMap!D2:E3,2,0),0) -> 0 | AD40: =IFERROR(VLOOKUP(M40,PointsMap!G2:H5,2,0),0) -> 0 | AE40: =IFERROR(VLOOKUP(AA40,PointsMap!M2:N5,2,0),0) -> 0 | AF40: =IFERROR(VLOOKUP(Z40,PointsMap!J2:K5,2,0),0) -> 0 | AG40: =MIN(8,VALUE(T40)*2) -> 0 | AH40: =IFERROR(VLOOKUP(Q40,PointsMap!P2:Q5,2,0),0) -> 0 | AI40: =MIN(8,ROUND(VALUE(G40)*8,0)) -> 0 | AJ40: =IFERROR(VLOOKUP(I40,PointsMap!A2:B5,2,0),0) -> 0 | AK40: =IFERROR(VLOOKUP(W40,PointsMap!S2:T4,2,0),0) -> 0 | AL40: =IFERROR(VLOOKUP(X40,PointsMap!V2:W4,2,0),0) -> 0 | AM40: =MIN(5,VALUE(V40)) -> 0 | AN40: =AB40 -> 0 | AO40: =AC40+AD40+AE40+AF40 -> 0 | AP40: =AG40+AH40 -> 0 | AQ40: =AI40+AJ40 -> 0 | AR40: =AK40+AL40+AM40 -> 0 | AS40: =AN40*Weights!B3/100+AO40*Weights!B4/100+AP40*Weights!B5/100+AQ40*Weights!B6/100+AR40*Weights!B7/100 -> 0 | AT40: https://www.criticalmass.com/capabilities/technology | AY40: https://www.criticalmass.com/careers | BB40: https://www.criticalmass.com/what-we-think | BD40: Capabilities; thought hub.
A41: Kin + Carta | B41: https://www.kinandcarta.com/ | C41: Private company | D41: 1964 | E41: 15 | F41: 1–5k | G41: 0.4 | H41: 0.4 | I41: Hybrid | J41: $250k–$1M | K41: Y | L41: Y | M41: WCAG AA | N41: Y | O41: 10 | P41: 10 | Q41: Low (1–3) | R41: 2 | S41: Copy/Localization | T41: 2 | U41: Commercial LLM | W41: Contributor | X41: Quarterly | Y41: Tokens/Multi-brand | Z41: A/B testing | AA41: Lint/Static analysis | AB41: =VALUE(R41)*6 -> 0 | AC41: =IFERROR(VLOOKUP(K41,PointsMap!D2:E3,2,0),0) -> 0 | AD41: =IFERROR(VLOOKUP(M41,PointsMap!G2:H5,2,0),0) -> 0 | AE41: =IFERROR(VLOOKUP(AA41,PointsMap!M2:N5,2,0),0) -> 0 | AF41: =IFERROR(VLOOKUP(Z41,PointsMap!J2:K5,2,0),0) -> 0 | AG41: =MIN(8,VALUE(T41)*2) -> 0 | AH41: =IFERROR(VLOOKUP(Q41,PointsMap!P2:Q5,2,0),0) -> 0 | AI41: =MIN(8,ROUND(VALUE(G41)*8,0)) -> 0 | AJ41: =IFERROR(VLOOKUP(I41,PointsMap!A2:B5,2,0),0) -> 0 | AK41: =IFERROR(VLOOKUP(W41,PointsMap!S2:T4,2,0),0) -> 0 | AL41: =IFERROR(VLOOKUP(X41,PointsMap!V2:W4,2,0),0) -> 0 | AM41: =MIN(5,VALUE(V41)) -> 0 | AN41: =AB41 -> 0 | AO41: =AC41+AD41+AE41+AF41 -> 0 | AP41: =AG41+AH41 -> 0 | AQ41: =AI41+AJ41 -> 0 | AR41: =AK41+AL41+AM41 -> 0 | AS41: =AN41*Weights!B3/100+AO41*Weights!B4/100+AP41*Weights!B5/100+AQ41*Weights!B6/100+AR41*Weights!B7/100 -> 0 | AT41: https://www.kinandcarta.com/en-us/expertise/ai/ | AU41: https://www.kinandcarta.com/en-us/about/our-policies/ | AY41: https://www.kinandcarta.com/en-us/careers/ | BA41: https://github.com/kinandcarta | BB41: https://www.kinandcarta.com/en-us/insights/ | BD41: AI expertise hub; policies; OSS.
A42: Tech Mahindra (Experience) | B42: https://www.techmahindra.com/ | C42: Business unit of public company | D42: 1986 | AB42: =VALUE(R42)*6 -> 0 | AC42: =IFERROR(VLOOKUP(K42,PointsMap!D2:E3,2,0),0) -> 0 | AD42: =IFERROR(VLOOKUP(M42,PointsMap!G2:H5,2,0),0) -> 0 | AE42: =IFERROR(VLOOKUP(AA42,PointsMap!M2:N5,2,0),0) -> 0 | AF42: =IFERROR(VLOOKUP(Z42,PointsMap!J2:K5,2,0),0) -> 0 | AG42: =MIN(8,VALUE(T42)*2) -> 0 | AH42: =IFERROR(VLOOKUP(Q42,PointsMap!P2:Q5,2,0),0) -> 0 | AI42: =MIN(8,ROUND(VALUE(G42)*8,0)) -> 0 | AJ42: =IFERROR(VLOOKUP(I42,PointsMap!A2:B5,2,0),0) -> 0 | AK42: =IFERROR(VLOOKUP(W42,PointsMap!S2:T4,2,0),0) -> 0 | AL42: =IFERROR(VLOOKUP(X42,PointsMap!V2:W4,2,0),0) -> 0 | AM42: =MIN(5,VALUE(V42)) -> 0 | AN42: =AB42 -> 0 | AO42: =AC42+AD42+AE42+AF42 -> 0 | AP42: =AG42+AH42 -> 0 | AQ42: =AI42+AJ42 -> 0 | AR42: =AK42+AL42+AM42 -> 0 | AS42: =AN42*Weights!B3/100+AO42*Weights!B4/100+AP42*Weights!B5/100+AQ42*Weights!B6/100+AR42*Weights!B7/100 -> 0 | AT42: https://www.techmahindra.com/en-in/services/artificial-intelligence/ | AU42: https://www.techmahindra.com/en-in/who-we-are/esg/information-security/ | AY42: https://careers.techmahindra.com/ | BB42: https://www.techmahindra.com/en-in/insights/ | BD42: AI services; InfoSec; insights; careers.
A43: LTIMindtree (Digital) | B43: https://www.ltimindtree.com/ | C43: Public company | D43: 2022 | F43: >20k | AB43: =VALUE(R43)*6 -> 0 | AC43: =IFERROR(VLOOKUP(K43,PointsMap!D2:E3,2,0),0) -> 0 | AD43: =IFERROR(VLOOKUP(M43,PointsMap!G2:H5,2,0),0) -> 0 | AE43: =IFERROR(VLOOKUP(AA43,PointsMap!M2:N5,2,0),0) -> 0 | AF43: =IFERROR(VLOOKUP(Z43,PointsMap!J2:K5,2,0),0) -> 0 | AG43: =MIN(8,VALUE(T43)*2) -> 0 | AH43: =IFERROR(VLOOKUP(Q43,PointsMap!P2:Q5,2,0),0) -> 0 | AI43: =MIN(8,ROUND(VALUE(G43)*8,0)) -> 0 | AJ43: =IFERROR(VLOOKUP(I43,PointsMap!A2:B5,2,0),0) -> 0 | AK43: =IFERROR(VLOOKUP(W43,PointsMap!S2:T4,2,0),0) -> 0 | AL43: =IFERROR(VLOOKUP(X43,PointsMap!V2:W4,2,0),0) -> 0 | AM43: =MIN(5,VALUE(V43)) -> 0 | AN43: =AB43 -> 0 | AO43: =AC43+AD43+AE43+AF43 -> 0 | AP43: =AG43+AH43 -> 0 | AQ43: =AI43+AJ43 -> 0 | AR43: =AK43+AL43+AM43 -> 0 | AS43: =AN43*Weights!B3/100+AO43*Weights!B4/100+AP43*Weights!B5/100+AQ43*Weights!B6/100+AR43*Weights!B7/100 -> 0 | AT43: https://www.ltimindtree.com/ai/ | AU43: https://www.ltimindtree.com/corporate-governance/information-security/ | AY43: https://www.ltimindtree.com/careers/ | BB43: https://www.ltimindtree.com/insights/ | BD43: AI hub; information security; insights.
A44: CGI (Digital Experience) | B44: https://www.cgi.com/ | C44: Public company | D44: 1976 | F44: >20k | AB44: =VALUE(R44)*6 -> 0 | AC44: =IFERROR(VLOOKUP(K44,PointsMap!D2:E3,2,0),0) -> 0 | AD44: =IFERROR(VLOOKUP(M44,PointsMap!G2:H5,2,0),0) -> 0 | AE44: =IFERROR(VLOOKUP(AA44,PointsMap!M2:N5,2,0),0) -> 0 | AF44: =IFERROR(VLOOKUP(Z44,PointsMap!J2:K5,2,0),0) -> 0 | AG44: =MIN(8,VALUE(T44)*2) -> 0 | AH44: =IFERROR(VLOOKUP(Q44,PointsMap!P2:Q5,2,0),0) -> 0 | AI44: =MIN(8,ROUND(VALUE(G44)*8,0)) -> 0 | AJ44: =IFERROR(VLOOKUP(I44,PointsMap!A2:B5,2,0),0) -> 0 | AK44: =IFERROR(VLOOKUP(W44,PointsMap!S2:T4,2,0),0) -> 0 | AL44: =IFERROR(VLOOKUP(X44,PointsMap!V2:W4,2,0),0) -> 0 | AM44: =MIN(5,VALUE(V44)) -> 0 | AN44: =AB44 -> 0 | AO44: =AC44+AD44+AE44+AF44 -> 0 | AP44: =AG44+AH44 -> 0 | AQ44: =AI44+AJ44 -> 0 | AR44: =AK44+AL44+AM44 -> 0 | AS44: =AN44*Weights!B3/100+AO44*Weights!B4/100+AP44*Weights!B5/100+AQ44*Weights!B6/100+AR44*Weights!B7/100 -> 0 | AT44: https://www.cgi.com/en/services/ai | AU44: https://www.cgi.com/en/quality-and-security | AY44: https://www.cgi.com/en/careers | BB44: https://www.cgi.com/en/insights | BD44: AI page; quality & security; insights.
A45: DXC Technology (Luxoft) | B45: https://www.luxoft.com/ | C45: Subsidiary of public company | D45: 2000 | F45: 5k–20k | AB45: =VALUE(R45)*6 -> 0 | AC45: =IFERROR(VLOOKUP(K45,PointsMap!D2:E3,2,0),0) -> 0 | AD45: =IFERROR(VLOOKUP(M45,PointsMap!G2:H5,2,0),0) -> 0 | AE45: =IFERROR(VLOOKUP(AA45,PointsMap!M2:N5,2,0),0) -> 0 | AF45: =IFERROR(VLOOKUP(Z45,PointsMap!J2:K5,2,0),0) -> 0 | AG45: =MIN(8,VALUE(T45)*2) -> 0 | AH45: =IFERROR(VLOOKUP(Q45,PointsMap!P2:Q5,2,0),0) -> 0 | AI45: =MIN(8,ROUND(VALUE(G45)*8,0)) -> 0 | AJ45: =IFERROR(VLOOKUP(I45,PointsMap!A2:B5,2,0),0) -> 0 | AK45: =IFERROR(VLOOKUP(W45,PointsMap!S2:T4,2,0),0) -> 0 | AL45: =IFERROR(VLOOKUP(X45,PointsMap!V2:W4,2,0),0) -> 0 | AM45: =MIN(5,VALUE(V45)) -> 0 | AN45: =AB45 -> 0 | AO45: =AC45+AD45+AE45+AF45 -> 0 | AP45: =AG45+AH45 -> 0 | AQ45: =AI45+AJ45 -> 0 | AR45: =AK45+AL45+AM45 -> 0 | AS45: =AN45*Weights!B3/100+AO45*Weights!B4/100+AP45*Weights!B5/100+AQ45*Weights!B6/100+AR45*Weights!B7/100 -> 0 | AT45: https://www.luxoft.com/services/ai | AU45: https://www.luxoft.com/company/information-security | AY45: https://career.luxoft.com/ | BB45: https://www.luxoft.com/insights | BD45: Subsidiary of DXC; AI services; InfoSec; insights.
A46: Atos / Eviden (Experience) | B46: https://eviden.com/ | C46: Subsidiary brand of public holding company | D46: 2023 | F46: >20k | AB46: =VALUE(R46)*6 -> 0 | AC46: =IFERROR(VLOOKUP(K46,PointsMap!D2:E3,2,0),0) -> 0 | AD46: =IFERROR(VLOOKUP(M46,PointsMap!G2:H5,2,0),0) -> 0 | AE46: =IFERROR(VLOOKUP(AA46,PointsMap!M2:N5,2,0),0) -> 0 | AF46: =IFERROR(VLOOKUP(Z46,PointsMap!J2:K5,2,0),0) -> 0 | AG46: =MIN(8,VALUE(T46)*2) -> 0 | AH46: =IFERROR(VLOOKUP(Q46,PointsMap!P2:Q5,2,0),0) -> 0 | AI46: =MIN(8,ROUND(VALUE(G46)*8,0)) -> 0 | AJ46: =IFERROR(VLOOKUP(I46,PointsMap!A2:B5,2,0),0) -> 0 | AK46: =IFERROR(VLOOKUP(W46,PointsMap!S2:T4,2,0),0) -> 0 | AL46: =IFERROR(VLOOKUP(X46,PointsMap!V2:W4,2,0),0) -> 0 | AM46: =MIN(5,VALUE(V46)) -> 0 | AN46: =AB46 -> 0 | AO46: =AC46+AD46+AE46+AF46 -> 0 | AP46: =AG46+AH46 -> 0 | AQ46: =AI46+AJ46 -> 0 | AR46: =AK46+AL46+AM46 -> 0 | AS46: =AN46*Weights!B3/100+AO46*Weights!B4/100+AP46*Weights!B5/100+AQ46*Weights!B6/100+AR46*Weights!B7/100 -> 0 | AT46: https://eviden.com/services/data-ai/ | AU46: https://eviden.com/about-us/security-and-compliance/ | AY46: https://eviden.com/careers/ | BB46: https://eviden.com/resources/ | BD46: Atos group brand; Data & AI; security & compliance.
A47: Fujitsu (Design) | B47: https://www.fujitsu.com/ | C47: Public company | D47: 1935 | F47: >20k | AB47: =VALUE(R47)*6 -> 0 | AC47: =IFERROR(VLOOKUP(K47,PointsMap!D2:E3,2,0),0) -> 0 | AD47: =IFERROR(VLOOKUP(M47,PointsMap!G2:H5,2,0),0) -> 0 | AE47: =IFERROR(VLOOKUP(AA47,PointsMap!M2:N5,2,0),0) -> 0 | AF47: =IFERROR(VLOOKUP(Z47,PointsMap!J2:K5,2,0),0) -> 0 | AG47: =MIN(8,VALUE(T47)*2) -> 0 | AH47: =IFERROR(VLOOKUP(Q47,PointsMap!P2:Q5,2,0),0) -> 0 | AI47: =MIN(8,ROUND(VALUE(G47)*8,0)) -> 0 | AJ47: =IFERROR(VLOOKUP(I47,PointsMap!A2:B5,2,0),0) -> 0 | AK47: =IFERROR(VLOOKUP(W47,PointsMap!S2:T4,2,0),0) -> 0 | AL47: =IFERROR(VLOOKUP(X47,PointsMap!V2:W4,2,0),0) -> 0 | AM47: =MIN(5,VALUE(V47)) -> 0 | AN47: =AB47 -> 0 | AO47: =AC47+AD47+AE47+AF47 -> 0 | AP47: =AG47+AH47 -> 0 | AQ47: =AI47+AJ47 -> 0 | AR47: =AK47+AL47+AM47 -> 0 | AS47: =AN47*Weights!B3/100+AO47*Weights!B4/100+AP47*Weights!B5/100+AQ47*Weights!B6/100+AR47*Weights!B7/100 -> 0 | AT47: https://www.fujitsu.com/global/solutions/business-technology/artificial-intelligence/ | AU47: https://www.fujitsu.com/global/about/corporate/security/ | AY47: https://www.fujitsu.com/global/about/careers/ | BB47: https://www.fujitsu.com/global/resources/ | BD47: AI solutions; information security; resources; careers.
A48: NEC (Design) | B48: https://www.nec.com/ | C48: Public company | D48: 1899 | F48: >20k | AB48: =VALUE(R48)*6 -> 0 | AC48: =IFERROR(VLOOKUP(K48,PointsMap!D2:E3,2,0),0) -> 0 | AD48: =IFERROR(VLOOKUP(M48,PointsMap!G2:H5,2,0),0) -> 0 | AE48: =IFERROR(VLOOKUP(AA48,PointsMap!M2:N5,2,0),0) -> 0 | AF48: =IFERROR(VLOOKUP(Z48,PointsMap!J2:K5,2,0),0) -> 0 | AG48: =MIN(8,VALUE(T48)*2) -> 0 | AH48: =IFERROR(VLOOKUP(Q48,PointsMap!P2:Q5,2,0),0) -> 0 | AI48: =MIN(8,ROUND(VALUE(G48)*8,0)) -> 0 | AJ48: =IFERROR(VLOOKUP(I48,PointsMap!A2:B5,2,0),0) -> 0 | AK48: =IFERROR(VLOOKUP(W48,PointsMap!S2:T4,2,0),0) -> 0 | AL48: =IFERROR(VLOOKUP(X48,PointsMap!V2:W4,2,0),0) -> 0 | AM48: =MIN(5,VALUE(V48)) -> 0 | AN48: =AB48 -> 0 | AO48: =AC48+AD48+AE48+AF48 -> 0 | AP48: =AG48+AH48 -> 0 | AQ48: =AI48+AJ48 -> 0 | AR48: =AK48+AL48+AM48 -> 0 | AS48: =AN48*Weights!B3/100+AO48*Weights!B4/100+AP48*Weights!B5/100+AQ48*Weights!B6/100+AR48*Weights!B7/100 -> 0 | AT48: https://www.nec.com/en/global/solutions/ai/ | AU48: https://www.nec.com/en/global/csr/management/security/index.html | AY48: https://www.nec.com/en/global/careers/index.html | BB48: https://www.nec.com/en/global/techrep/ | BD48: AI solutions; information security; technical reports.
A49: Hitachi Vantara (Design) | B49: https://www.hitachivantara.com/ | C49: Subsidiary of public company | D49: 2017 | F49: 5k–20k | AB49: =VALUE(R49)*6 -> 0 | AC49: =IFERROR(VLOOKUP(K49,PointsMap!D2:E3,2,0),0) -> 0 | AD49: =IFERROR(VLOOKUP(M49,PointsMap!G2:H5,2,0),0) -> 0 | AE49: =IFERROR(VLOOKUP(AA49,PointsMap!M2:N5,2,0),0) -> 0 | AF49: =IFERROR(VLOOKUP(Z49,PointsMap!J2:K5,2,0),0) -> 0 | AG49: =MIN(8,VALUE(T49)*2) -> 0 | AH49: =IFERROR(VLOOKUP(Q49,PointsMap!P2:Q5,2,0),0) -> 0 | AI49: =MIN(8,ROUND(VALUE(G49)*8,0)) -> 0 | AJ49: =IFERROR(VLOOKUP(I49,PointsMap!A2:B5,2,0),0) -> 0 | AK49: =IFERROR(VLOOKUP(W49,PointsMap!S2:T4,2,0),0) -> 0 | AL49: =IFERROR(VLOOKUP(X49,PointsMap!V2:W4,2,0),0) -> 0 | AM49: =MIN(5,VALUE(V49)) -> 0 | AN49: =AB49 -> 0 | AO49: =AC49+AD49+AE49+AF49 -> 0 | AP49: =AG49+AH49 -> 0 | AQ49: =AI49+AJ49 -> 0 | AR49: =AK49+AL49+AM49 -> 0 | AS49: =AN49*Weights!B3/100+AO49*Weights!B4/100+AP49*Weights!B5/100+AQ49*Weights!B6/100+AR49*Weights!B7/100 -> 0 | AT49: https://www.hitachivantara.com/en-us/services/ai.html | AU49: https://www.hitachivantara.com/en-us/company/trust-center.html | AY49: https://www.hitachivantara.com/en-us/company/careers.html | BB49: https://www.hitachivantara.com/en-us/insights.html | BD49: AI services; trust center; insights; careers.
A50: CGI Logica legacy (Design) | B50: https://www.cgi.com/ | C50: Public company | F50: >20k | AB50: =VALUE(R50)*6 -> 0 | AC50: =IFERROR(VLOOKUP(K50,PointsMap!D2:E3,2,0),0) -> 0 | AD50: =IFERROR(VLOOKUP(M50,PointsMap!G2:H5,2,0),0) -> 0 | AE50: =IFERROR(VLOOKUP(AA50,PointsMap!M2:N5,2,0),0) -> 0 | AF50: =IFERROR(VLOOKUP(Z50,PointsMap!J2:K5,2,0),0) -> 0 | AG50: =MIN(8,VALUE(T50)*2) -> 0 | AH50: =IFERROR(VLOOKUP(Q50,PointsMap!P2:Q5,2,0),0) -> 0 | AI50: =MIN(8,ROUND(VALUE(G50)*8,0)) -> 0 | AJ50: =IFERROR(VLOOKUP(I50,PointsMap!A2:B5,2,0),0) -> 0 | AK50: =IFERROR(VLOOKUP(W50,PointsMap!S2:T4,2,0),0) -> 0 | AL50: =IFERROR(VLOOKUP(X50,PointsMap!V2:W4,2,0),0) -> 0 | AM50: =MIN(5,VALUE(V50)) -> 0 | AN50: =AB50 -> 0 | AO50: =AC50+AD50+AE50+AF50 -> 0 | AP50: =AG50+AH50 -> 0 | AQ50: =AI50+AJ50 -> 0 | AR50: =AK50+AL50+AM50 -> 0 | AS50: =AN50*Weights!B3/100+AO50*Weights!B4/100+AP50*Weights!B5/100+AQ50*Weights!B6/100+AR50*Weights!B7/100 -> 0
A51: Samsung SDS (UX) | B51: https://www.samsungsds.com/ | C51: Public company | D51: 1985 | F51: 5k–20k | AB51: =VALUE(R51)*6 -> 0 | AC51: =IFERROR(VLOOKUP(K51,PointsMap!D2:E3,2,0),0) -> 0 | AD51: =IFERROR(VLOOKUP(M51,PointsMap!G2:H5,2,0),0) -> 0 | AE51: =IFERROR(VLOOKUP(AA51,PointsMap!M2:N5,2,0),0) -> 0 | AF51: =IFERROR(VLOOKUP(Z51,PointsMap!J2:K5,2,0),0) -> 0 | AG51: =MIN(8,VALUE(T51)*2) -> 0 | AH51: =IFERROR(VLOOKUP(Q51,PointsMap!P2:Q5,2,0),0) -> 0 | AI51: =MIN(8,ROUND(VALUE(G51)*8,0)) -> 0 | AJ51: =IFERROR(VLOOKUP(I51,PointsMap!A2:B5,2,0),0) -> 0 | AK51: =IFERROR(VLOOKUP(W51,PointsMap!S2:T4,2,0),0) -> 0 | AL51: =IFERROR(VLOOKUP(X51,PointsMap!V2:W4,2,0),0) -> 0 | AM51: =MIN(5,VALUE(V51)) -> 0 | AN51: =AB51 -> 0 | AO51: =AC51+AD51+AE51+AF51 -> 0 | AP51: =AG51+AH51 -> 0 | AQ51: =AI51+AJ51 -> 0 | AR51: =AK51+AL51+AM51 -> 0 | AS51: =AN51*Weights!B3/100+AO51*Weights!B4/100+AP51*Weights!B5/100+AQ51*Weights!B6/100+AR51*Weights!B7/100 -> 0 | AT51: https://www.samsungsds.com/global/en/solutions/ai/ai.html | AU51: https://www.samsungsds.com/global/en/support/trust/trust.html | AY51: https://www.samsungsds.com/global/en/careers/careers_overview.html | BB51: https://www.samsungsds.com/global/en/insights/all.html | BD51: AI portfolio; Trust Center; insights.
A52: LG CNS (UX) | B52: https://www.lgcns.com/ | C52: Private company | D52: 1987 | F52: 5k–20k | AB52: =VALUE(R52)*6 -> 0 | AC52: =IFERROR(VLOOKUP(K52,PointsMap!D2:E3,2,0),0) -> 0 | AD52: =IFERROR(VLOOKUP(M52,PointsMap!G2:H5,2,0),0) -> 0 | AE52: =IFERROR(VLOOKUP(AA52,PointsMap!M2:N5,2,0),0) -> 0 | AF52: =IFERROR(VLOOKUP(Z52,PointsMap!J2:K5,2,0),0) -> 0 | AG52: =MIN(8,VALUE(T52)*2) -> 0 | AH52: =IFERROR(VLOOKUP(Q52,PointsMap!P2:Q5,2,0),0) -> 0 | AI52: =MIN(8,ROUND(VALUE(G52)*8,0)) -> 0 | AJ52: =IFERROR(VLOOKUP(I52,PointsMap!A2:B5,2,0),0) -> 0 | AK52: =IFERROR(VLOOKUP(W52,PointsMap!S2:T4,2,0),0) -> 0 | AL52: =IFERROR(VLOOKUP(X52,PointsMap!V2:W4,2,0),0) -> 0 | AM52: =MIN(5,VALUE(V52)) -> 0 | AN52: =AB52 -> 0 | AO52: =AC52+AD52+AE52+AF52 -> 0 | AP52: =AG52+AH52 -> 0 | AQ52: =AI52+AJ52 -> 0 | AR52: =AK52+AL52+AM52 -> 0 | AS52: =AN52*Weights!B3/100+AO52*Weights!B4/100+AP52*Weights!B5/100+AQ52*Weights!B6/100+AR52*Weights!B7/100 -> 0 | AT52: https://www.lgcns.com/solution/ai | AU52: https://www.lgcns.com/company/esg/security | AY52: https://www.lgcns.com/career/recruit | BB52: https://blog.lgcns.com/ | BD52: AI page; security/ESG; official blog; careers.
A53: SK C&C (UX) | B53: https://www.skcc.com/ | C53: Private company | D53: 1991 | F53: 5k–20k | AB53: =VALUE(R53)*6 -> 0 | AC53: =IFERROR(VLOOKUP(K53,PointsMap!D2:E3,2,0),0) -> 0 | AD53: =IFERROR(VLOOKUP(M53,PointsMap!G2:H5,2,0),0) -> 0 | AE53: =IFERROR(VLOOKUP(AA53,PointsMap!M2:N5,2,0),0) -> 0 | AF53: =IFERROR(VLOOKUP(Z53,PointsMap!J2:K5,2,0),0) -> 0 | AG53: =MIN(8,VALUE(T53)*2) -> 0 | AH53: =IFERROR(VLOOKUP(Q53,PointsMap!P2:Q5,2,0),0) -> 0 | AI53: =MIN(8,ROUND(VALUE(G53)*8,0)) -> 0 | AJ53: =IFERROR(VLOOKUP(I53,PointsMap!A2:B5,2,0),0) -> 0 | AK53: =IFERROR(VLOOKUP(W53,PointsMap!S2:T4,2,0),0) -> 0 | AL53: =IFERROR(VLOOKUP(X53,PointsMap!V2:W4,2,0),0) -> 0 | AM53: =MIN(5,VALUE(V53)) -> 0 | AN53: =AB53 -> 0 | AO53: =AC53+AD53+AE53+AF53 -> 0 | AP53: =AG53+AH53 -> 0 | AQ53: =AI53+AJ53 -> 0 | AR53: =AK53+AL53+AM53 -> 0 | AS53: =AN53*Weights!B3/100+AO53*Weights!B4/100+AP53*Weights!B5/100+AQ53*Weights!B6/100+AR53*Weights!B7/100 -> 0 | AT53: https://www.skcc.com/eng/business/ai | AU53: https://www.skcc.com/company/sustainability/infosec | AY53: https://www.skcc.com/careers | BB53: https://www.skcc.com/insight | BD53: AI business page; info security (ESG); insights.
A54: NCS Group (SingTel) | B54: https://www.ncs.co/ | C54: Subsidiary of public company | D54: 1981 | F54: 5k–20k | AB54: =VALUE(R54)*6 -> 0 | AC54: =IFERROR(VLOOKUP(K54,PointsMap!D2:E3,2,0),0) -> 0 | AD54: =IFERROR(VLOOKUP(M54,PointsMap!G2:H5,2,0),0) -> 0 | AE54: =IFERROR(VLOOKUP(AA54,PointsMap!M2:N5,2,0),0) -> 0 | AF54: =IFERROR(VLOOKUP(Z54,PointsMap!J2:K5,2,0),0) -> 0 | AG54: =MIN(8,VALUE(T54)*2) -> 0 | AH54: =IFERROR(VLOOKUP(Q54,PointsMap!P2:Q5,2,0),0) -> 0 | AI54: =MIN(8,ROUND(VALUE(G54)*8,0)) -> 0 | AJ54: =IFERROR(VLOOKUP(I54,PointsMap!A2:B5,2,0),0) -> 0 | AK54: =IFERROR(VLOOKUP(W54,PointsMap!S2:T4,2,0),0) -> 0 | AL54: =IFERROR(VLOOKUP(X54,PointsMap!V2:W4,2,0),0) -> 0 | AM54: =MIN(5,VALUE(V54)) -> 0 | AN54: =AB54 -> 0 | AO54: =AC54+AD54+AE54+AF54 -> 0 | AP54: =AG54+AH54 -> 0 | AQ54: =AI54+AJ54 -> 0 | AR54: =AK54+AL54+AM54 -> 0 | AS54: =AN54*Weights!B3/100+AO54*Weights!B4/100+AP54*Weights!B5/100+AQ54*Weights!B6/100+AR54*Weights!B7/100 -> 0 | AT54: https://www.ncs.co/en/solutions/data-analytics-and-ai/ | AU54: https://www.ncs.co/en/about-us/trust/ | AY54: https://www.ncs.co/en/careers/ | BB54: https://www.ncs.co/en/insights/ | BD54: SingTel subsidiary; data & AI; trust center.
A55: Slalom (Build) | B55: https://www.slalom.com/ | C55: Private company | D55: 2001 | F55: 5k–20k | AB55: =VALUE(R55)*6 -> 0 | AC55: =IFERROR(VLOOKUP(K55,PointsMap!D2:E3,2,0),0) -> 0 | AD55: =IFERROR(VLOOKUP(M55,PointsMap!G2:H5,2,0),0) -> 0 | AE55: =IFERROR(VLOOKUP(AA55,PointsMap!M2:N5,2,0),0) -> 0 | AF55: =IFERROR(VLOOKUP(Z55,PointsMap!J2:K5,2,0),0) -> 0 | AG55: =MIN(8,VALUE(T55)*2) -> 0 | AH55: =IFERROR(VLOOKUP(Q55,PointsMap!P2:Q5,2,0),0) -> 0 | AI55: =MIN(8,ROUND(VALUE(G55)*8,0)) -> 0 | AJ55: =IFERROR(VLOOKUP(I55,PointsMap!A2:B5,2,0),0) -> 0 | AK55: =IFERROR(VLOOKUP(W55,PointsMap!S2:T4,2,0),0) -> 0 | AL55: =IFERROR(VLOOKUP(X55,PointsMap!V2:W4,2,0),0) -> 0 | AM55: =MIN(5,VALUE(V55)) -> 0 | AN55: =AB55 -> 0 | AO55: =AC55+AD55+AE55+AF55 -> 0 | AP55: =AG55+AH55 -> 0 | AQ55: =AI55+AJ55 -> 0 | AR55: =AK55+AL55+AM55 -> 0 | AS55: =AN55*Weights!B3/100+AO55*Weights!B4/100+AP55*Weights!B5/100+AQ55*Weights!B6/100+AR55*Weights!B7/100 -> 0 | AT55: https://www.slalom.com/ai | AY55: https://www.slalom.com/careers | BB55: https://www.slalom.com/insights | BD55: AI practice; insights; careers.
A56: Avanade (Accenture + MS) | B56: https://www.avanade.com/ | C56: Subsidiary of public company | D56: 2000 | F56: 5k–20k | AB56: =VALUE(R56)*6 -> 0 | AC56: =IFERROR(VLOOKUP(K56,PointsMap!D2:E3,2,0),0) -> 0 | AD56: =IFERROR(VLOOKUP(M56,PointsMap!G2:H5,2,0),0) -> 0 | AE56: =IFERROR(VLOOKUP(AA56,PointsMap!M2:N5,2,0),0) -> 0 | AF56: =IFERROR(VLOOKUP(Z56,PointsMap!J2:K5,2,0),0) -> 0 | AG56: =MIN(8,VALUE(T56)*2) -> 0 | AH56: =IFERROR(VLOOKUP(Q56,PointsMap!P2:Q5,2,0),0) -> 0 | AI56: =MIN(8,ROUND(VALUE(G56)*8,0)) -> 0 | AJ56: =IFERROR(VLOOKUP(I56,PointsMap!A2:B5,2,0),0) -> 0 | AK56: =IFERROR(VLOOKUP(W56,PointsMap!S2:T4,2,0),0) -> 0 | AL56: =IFERROR(VLOOKUP(X56,PointsMap!V2:W4,2,0),0) -> 0 | AM56: =MIN(5,VALUE(V56)) -> 0 | AN56: =AB56 -> 0 | AO56: =AC56+AD56+AE56+AF56 -> 0 | AP56: =AG56+AH56 -> 0 | AQ56: =AI56+AJ56 -> 0 | AR56: =AK56+AL56+AM56 -> 0 | AS56: =AN56*Weights!B3/100+AO56*Weights!B4/100+AP56*Weights!B5/100+AQ56*Weights!B6/100+AR56*Weights!B7/100 -> 0 | AT56: https://www.avanade.com/en/services/data-ai | AU56: https://www.avanade.com/en/about-avanade/trust-center | AY56: https://careers.avanade.com/ | BB56: https://www.avanade.com/en/insights | BD56: Joint venture Accenture x Microsoft; trust center; AI services.
A57: SoftServe | B57: https://www.softserveinc.com/ | C57: Private company | D57: 1993 | F57: 5k–20k | AB57: =VALUE(R57)*6 -> 0 | AC57: =IFERROR(VLOOKUP(K57,PointsMap!D2:E3,2,0),0) -> 0 | AD57: =IFERROR(VLOOKUP(M57,PointsMap!G2:H5,2,0),0) -> 0 | AE57: =IFERROR(VLOOKUP(AA57,PointsMap!M2:N5,2,0),0) -> 0 | AF57: =IFERROR(VLOOKUP(Z57,PointsMap!J2:K5,2,0),0) -> 0 | AG57: =MIN(8,VALUE(T57)*2) -> 0 | AH57: =IFERROR(VLOOKUP(Q57,PointsMap!P2:Q5,2,0),0) -> 0 | AI57: =MIN(8,ROUND(VALUE(G57)*8,0)) -> 0 | AJ57: =IFERROR(VLOOKUP(I57,PointsMap!A2:B5,2,0),0) -> 0 | AK57: =IFERROR(VLOOKUP(W57,PointsMap!S2:T4,2,0),0) -> 0 | AL57: =IFERROR(VLOOKUP(X57,PointsMap!V2:W4,2,0),0) -> 0 | AM57: =MIN(5,VALUE(V57)) -> 0 | AN57: =AB57 -> 0 | AO57: =AC57+AD57+AE57+AF57 -> 0 | AP57: =AG57+AH57 -> 0 | AQ57: =AI57+AJ57 -> 0 | AR57: =AK57+AL57+AM57 -> 0 | AS57: =AN57*Weights!B3/100+AO57*Weights!B4/100+AP57*Weights!B5/100+AQ57*Weights!B6/100+AR57*Weights!B7/100 -> 0 | AT57: https://www.softserveinc.com/en-us/services/ai | AU57: https://www.softserveinc.com/en-us/about/security | AY57: https://career.softserveinc.com/en-us/vacancies | BA57: https://github.com/softserveinc | BB57: https://www.softserveinc.com/en-us/blog | BD57: AI services; security; OSS; blog.
A58: UST | B58: https://www.ust.com/ | C58: Private company | D58: 1998 | F58: 5k–20k | AB58: =VALUE(R58)*6 -> 0 | AC58: =IFERROR(VLOOKUP(K58,PointsMap!D2:E3,2,0),0) -> 0 | AD58: =IFERROR(VLOOKUP(M58,PointsMap!G2:H5,2,0),0) -> 0 | AE58: =IFERROR(VLOOKUP(AA58,PointsMap!M2:N5,2,0),0) -> 0 | AF58: =IFERROR(VLOOKUP(Z58,PointsMap!J2:K5,2,0),0) -> 0 | AG58: =MIN(8,VALUE(T58)*2) -> 0 | AH58: =IFERROR(VLOOKUP(Q58,PointsMap!P2:Q5,2,0),0) -> 0 | AI58: =MIN(8,ROUND(VALUE(G58)*8,0)) -> 0 | AJ58: =IFERROR(VLOOKUP(I58,PointsMap!A2:B5,2,0),0) -> 0 | AK58: =IFERROR(VLOOKUP(W58,PointsMap!S2:T4,2,0),0) -> 0 | AL58: =IFERROR(VLOOKUP(X58,PointsMap!V2:W4,2,0),0) -> 0 | AM58: =MIN(5,VALUE(V58)) -> 0 | AN58: =AB58 -> 0 | AO58: =AC58+AD58+AE58+AF58 -> 0 | AP58: =AG58+AH58 -> 0 | AQ58: =AI58+AJ58 -> 0 | AR58: =AK58+AL58+AM58 -> 0 | AS58: =AN58*Weights!B3/100+AO58*Weights!B4/100+AP58*Weights!B5/100+AQ58*Weights!B6/100+AR58*Weights!B7/100 -> 0 | AT58: https://www.ust.com/ai | AY58: https://www.ust.com/careers | BB58: https://www.ust.com/insights | BD58: AI landing; insights; careers.
A59: Nagarro | B59: https://www.nagarro.com/ | C59: Public company | D59: 1996 | F59: 5k–20k | AB59: =VALUE(R59)*6 -> 0 | AC59: =IFERROR(VLOOKUP(K59,PointsMap!D2:E3,2,0),0) -> 0 | AD59: =IFERROR(VLOOKUP(M59,PointsMap!G2:H5,2,0),0) -> 0 | AE59: =IFERROR(VLOOKUP(AA59,PointsMap!M2:N5,2,0),0) -> 0 | AF59: =IFERROR(VLOOKUP(Z59,PointsMap!J2:K5,2,0),0) -> 0 | AG59: =MIN(8,VALUE(T59)*2) -> 0 | AH59: =IFERROR(VLOOKUP(Q59,PointsMap!P2:Q5,2,0),0) -> 0 | AI59: =MIN(8,ROUND(VALUE(G59)*8,0)) -> 0 | AJ59: =IFERROR(VLOOKUP(I59,PointsMap!A2:B5,2,0),0) -> 0 | AK59: =IFERROR(VLOOKUP(W59,PointsMap!S2:T4,2,0),0) -> 0 | AL59: =IFERROR(VLOOKUP(X59,PointsMap!V2:W4,2,0),0) -> 0 | AM59: =MIN(5,VALUE(V59)) -> 0 | AN59: =AB59 -> 0 | AO59: =AC59+AD59+AE59+AF59 -> 0 | AP59: =AG59+AH59 -> 0 | AQ59: =AI59+AJ59 -> 0 | AR59: =AK59+AL59+AM59 -> 0 | AS59: =AN59*Weights!B3/100+AO59*Weights!B4/100+AP59*Weights!B5/100+AQ59*Weights!B6/100+AR59*Weights!B7/100 -> 0 | AT59: https://www.nagarro.com/en/services/ai | AU59: https://www.nagarro.com/en/about/quality-information-security | AY59: https://www.nagarro.com/en/careers | BB59: https://www.nagarro.com/en/blog | BD59: AI services; quality & InfoSec; blog.
A60: Virtusa | B60: https://www.virtusa.com/ | C60: Private company | D60: 1996 | F60: 5k–20k | AB60: =VALUE(R60)*6 -> 0 | AC60: =IFERROR(VLOOKUP(K60,PointsMap!D2:E3,2,0),0) -> 0 | AD60: =IFERROR(VLOOKUP(M60,PointsMap!G2:H5,2,0),0) -> 0 | AE60: =IFERROR(VLOOKUP(AA60,PointsMap!M2:N5,2,0),0) -> 0 | AF60: =IFERROR(VLOOKUP(Z60,PointsMap!J2:K5,2,0),0) -> 0 | AG60: =MIN(8,VALUE(T60)*2) -> 0 | AH60: =IFERROR(VLOOKUP(Q60,PointsMap!P2:Q5,2,0),0) -> 0 | AI60: =MIN(8,ROUND(VALUE(G60)*8,0)) -> 0 | AJ60: =IFERROR(VLOOKUP(I60,PointsMap!A2:B5,2,0),0) -> 0 | AK60: =IFERROR(VLOOKUP(W60,PointsMap!S2:T4,2,0),0) -> 0 | AL60: =IFERROR(VLOOKUP(X60,PointsMap!V2:W4,2,0),0) -> 0 | AM60: =MIN(5,VALUE(V60)) -> 0 | AN60: =AB60 -> 0 | AO60: =AC60+AD60+AE60+AF60 -> 0 | AP60: =AG60+AH60 -> 0 | AQ60: =AI60+AJ60 -> 0 | AR60: =AK60+AL60+AM60 -> 0 | AS60: =AN60*Weights!B3/100+AO60*Weights!B4/100+AP60*Weights!B5/100+AQ60*Weights!B6/100+AR60*Weights!B7/100 -> 0 | AT60: https://www.virtusa.com/services/data-and-analytics/ai-and-ml | AU60: https://www.virtusa.com/company/trust-center | AY60: https://www.virtusa.com/careers | BB60: https://www.virtusa.com/perspectives | BD60: AI/ML; trust center; perspectives.
A61: Zensar | B61: https://www.zensar.com/ | C61: Public company | D61: 1963 | F61: 5k–20k | AB61: =VALUE(R61)*6 -> 0 | AC61: =IFERROR(VLOOKUP(K61,PointsMap!D2:E3,2,0),0) -> 0 | AD61: =IFERROR(VLOOKUP(M61,PointsMap!G2:H5,2,0),0) -> 0 | AE61: =IFERROR(VLOOKUP(AA61,PointsMap!M2:N5,2,0),0) -> 0 | AF61: =IFERROR(VLOOKUP(Z61,PointsMap!J2:K5,2,0),0) -> 0 | AG61: =MIN(8,VALUE(T61)*2) -> 0 | AH61: =IFERROR(VLOOKUP(Q61,PointsMap!P2:Q5,2,0),0) -> 0 | AI61: =MIN(8,ROUND(VALUE(G61)*8,0)) -> 0 | AJ61: =IFERROR(VLOOKUP(I61,PointsMap!A2:B5,2,0),0) -> 0 | AK61: =IFERROR(VLOOKUP(W61,PointsMap!S2:T4,2,0),0) -> 0 | AL61: =IFERROR(VLOOKUP(X61,PointsMap!V2:W4,2,0),0) -> 0 | AM61: =MIN(5,VALUE(V61)) -> 0 | AN61: =AB61 -> 0 | AO61: =AC61+AD61+AE61+AF61 -> 0 | AP61: =AG61+AH61 -> 0 | AQ61: =AI61+AJ61 -> 0 | AR61: =AK61+AL61+AM61 -> 0 | AS61: =AN61*Weights!B3/100+AO61*Weights!B4/100+AP61*Weights!B5/100+AQ61*Weights!B6/100+AR61*Weights!B7/100 -> 0 | AT61: https://www.zensar.com/services/ai-and-automation | AU61: https://www.zensar.com/company/corporate-governance/policies | AY61: https://www.zensar.com/careers | BB61: https://www.zensar.com/insights | BD61: AI & automation; policies; insights.
A62: Persistent Systems | B62: https://www.persistent.com/ | C62: Public company | D62: 1990 | F62: 5k–20k | AB62: =VALUE(R62)*6 -> 0 | AC62: =IFERROR(VLOOKUP(K62,PointsMap!D2:E3,2,0),0) -> 0 | AD62: =IFERROR(VLOOKUP(M62,PointsMap!G2:H5,2,0),0) -> 0 | AE62: =IFERROR(VLOOKUP(AA62,PointsMap!M2:N5,2,0),0) -> 0 | AF62: =IFERROR(VLOOKUP(Z62,PointsMap!J2:K5,2,0),0) -> 0 | AG62: =MIN(8,VALUE(T62)*2) -> 0 | AH62: =IFERROR(VLOOKUP(Q62,PointsMap!P2:Q5,2,0),0) -> 0 | AI62: =MIN(8,ROUND(VALUE(G62)*8,0)) -> 0 | AJ62: =IFERROR(VLOOKUP(I62,PointsMap!A2:B5,2,0),0) -> 0 | AK62: =IFERROR(VLOOKUP(W62,PointsMap!S2:T4,2,0),0) -> 0 | AL62: =IFERROR(VLOOKUP(X62,PointsMap!V2:W4,2,0),0) -> 0 | AM62: =MIN(5,VALUE(V62)) -> 0 | AN62: =AB62 -> 0 | AO62: =AC62+AD62+AE62+AF62 -> 0 | AP62: =AG62+AH62 -> 0 | AQ62: =AI62+AJ62 -> 0 | AR62: =AK62+AL62+AM62 -> 0 | AS62: =AN62*Weights!B3/100+AO62*Weights!B4/100+AP62*Weights!B5/100+AQ62*Weights!B6/100+AR62*Weights!B7/100 -> 0 | AT62: https://www.persistent.com/services/ai-and-data/ | AU62: https://www.persistent.com/about/trust-center/ | AY62: https://www.persistent.com/careers/ | BB62: https://www.persistent.com/insights/ | BD62: AI & data; trust center; insights.
A63: Sopra Steria (Design) | B63: https://www.soprasteria.com/ | C63: Public company | D63: 1968 | F63: 20k+ | AB63: =VALUE(R63)*6 -> 0 | AC63: =IFERROR(VLOOKUP(K63,PointsMap!D2:E3,2,0),0) -> 0 | AD63: =IFERROR(VLOOKUP(M63,PointsMap!G2:H5,2,0),0) -> 0 | AE63: =IFERROR(VLOOKUP(AA63,PointsMap!M2:N5,2,0),0) -> 0 | AF63: =IFERROR(VLOOKUP(Z63,PointsMap!J2:K5,2,0),0) -> 0 | AG63: =MIN(8,VALUE(T63)*2) -> 0 | AH63: =IFERROR(VLOOKUP(Q63,PointsMap!P2:Q5,2,0),0) -> 0 | AI63: =MIN(8,ROUND(VALUE(G63)*8,0)) -> 0 | AJ63: =IFERROR(VLOOKUP(I63,PointsMap!A2:B5,2,0),0) -> 0 | AK63: =IFERROR(VLOOKUP(W63,PointsMap!S2:T4,2,0),0) -> 0 | AL63: =IFERROR(VLOOKUP(X63,PointsMap!V2:W4,2,0),0) -> 0 | AM63: =MIN(5,VALUE(V63)) -> 0 | AN63: =AB63 -> 0 | AO63: =AC63+AD63+AE63+AF63 -> 0 | AP63: =AG63+AH63 -> 0 | AQ63: =AI63+AJ63 -> 0 | AR63: =AK63+AL63+AM63 -> 0 | AS63: =AN63*Weights!B3/100+AO63*Weights!B4/100+AP63*Weights!B5/100+AQ63*Weights!B6/100+AR63*Weights!B7/100 -> 0 | AT63: https://www.soprasteria.com/our-offer/artificial-intelligence | AU63: https://www.soprasteria.com/about-us/governance-and-policies | AY63: https://www.soprasteria.com/careers | BB63: https://www.soprasteria.com/newsroom | BD63: AI offer; governance & policies; newsroom.
A64: Capita (Experience) | B64: https://www.capita.com/ | C64: Public company | D64: 1984 | F64: 5k–20k | AB64: =VALUE(R64)*6 -> 0 | AC64: =IFERROR(VLOOKUP(K64,PointsMap!D2:E3,2,0),0) -> 0 | AD64: =IFERROR(VLOOKUP(M64,PointsMap!G2:H5,2,0),0) -> 0 | AE64: =IFERROR(VLOOKUP(AA64,PointsMap!M2:N5,2,0),0) -> 0 | AF64: =IFERROR(VLOOKUP(Z64,PointsMap!J2:K5,2,0),0) -> 0 | AG64: =MIN(8,VALUE(T64)*2) -> 0 | AH64: =IFERROR(VLOOKUP(Q64,PointsMap!P2:Q5,2,0),0) -> 0 | AI64: =MIN(8,ROUND(VALUE(G64)*8,0)) -> 0 | AJ64: =IFERROR(VLOOKUP(I64,PointsMap!A2:B5,2,0),0) -> 0 | AK64: =IFERROR(VLOOKUP(W64,PointsMap!S2:T4,2,0),0) -> 0 | AL64: =IFERROR(VLOOKUP(X64,PointsMap!V2:W4,2,0),0) -> 0 | AM64: =MIN(5,VALUE(V64)) -> 0 | AN64: =AB64 -> 0 | AO64: =AC64+AD64+AE64+AF64 -> 0 | AP64: =AG64+AH64 -> 0 | AQ64: =AI64+AJ64 -> 0 | AR64: =AK64+AL64+AM64 -> 0 | AS64: =AN64*Weights!B3/100+AO64*Weights!B4/100+AP64*Weights!B5/100+AQ64*Weights!B6/100+AR64*Weights!B7/100 -> 0 | AT64: https://www.capita.com/our-services/digital-transformation | AU64: https://www.capita.com/our-company/governance/risk-and-compliance | AY64: https://www.capita.com/careers | BB64: https://www.capita.com/insights | BD64: Digital transformation; governance; insights.
A65: Reply (Triplesense) | B65: https://www.reply.com/ | C65: Public company | D65: 1996 | F65: 5k–20k | AB65: =VALUE(R65)*6 -> 0 | AC65: =IFERROR(VLOOKUP(K65,PointsMap!D2:E3,2,0),0) -> 0 | AD65: =IFERROR(VLOOKUP(M65,PointsMap!G2:H5,2,0),0) -> 0 | AE65: =IFERROR(VLOOKUP(AA65,PointsMap!M2:N5,2,0),0) -> 0 | AF65: =IFERROR(VLOOKUP(Z65,PointsMap!J2:K5,2,0),0) -> 0 | AG65: =MIN(8,VALUE(T65)*2) -> 0 | AH65: =IFERROR(VLOOKUP(Q65,PointsMap!P2:Q5,2,0),0) -> 0 | AI65: =MIN(8,ROUND(VALUE(G65)*8,0)) -> 0 | AJ65: =IFERROR(VLOOKUP(I65,PointsMap!A2:B5,2,0),0) -> 0 | AK65: =IFERROR(VLOOKUP(W65,PointsMap!S2:T4,2,0),0) -> 0 | AL65: =IFERROR(VLOOKUP(X65,PointsMap!V2:W4,2,0),0) -> 0 | AM65: =MIN(5,VALUE(V65)) -> 0 | AN65: =AB65 -> 0 | AO65: =AC65+AD65+AE65+AF65 -> 0 | AP65: =AG65+AH65 -> 0 | AQ65: =AI65+AJ65 -> 0 | AR65: =AK65+AL65+AM65 -> 0 | AS65: =AN65*Weights!B3/100+AO65*Weights!B4/100+AP65*Weights!B5/100+AQ65*Weights!B6/100+AR65*Weights!B7/100 -> 0 | AT65: https://www.reply.com/artificial-intelligence | AY65: https://www.reply.com/en/careers | BB65: https://www.reply.com/en/topics/artificial-intelligence | BD65: AI topics hub; careers.
A66: Bechtle (Digital) | B66: https://www.bechtle.com/ | C66: Public company | D66: 1983 | F66: 5k–20k | AB66: =VALUE(R66)*6 -> 0 | AC66: =IFERROR(VLOOKUP(K66,PointsMap!D2:E3,2,0),0) -> 0 | AD66: =IFERROR(VLOOKUP(M66,PointsMap!G2:H5,2,0),0) -> 0 | AE66: =IFERROR(VLOOKUP(AA66,PointsMap!M2:N5,2,0),0) -> 0 | AF66: =IFERROR(VLOOKUP(Z66,PointsMap!J2:K5,2,0),0) -> 0 | AG66: =MIN(8,VALUE(T66)*2) -> 0 | AH66: =IFERROR(VLOOKUP(Q66,PointsMap!P2:Q5,2,0),0) -> 0 | AI66: =MIN(8,ROUND(VALUE(G66)*8,0)) -> 0 | AJ66: =IFERROR(VLOOKUP(I66,PointsMap!A2:B5,2,0),0) -> 0 | AK66: =IFERROR(VLOOKUP(W66,PointsMap!S2:T4,2,0),0) -> 0 | AL66: =IFERROR(VLOOKUP(X66,PointsMap!V2:W4,2,0),0) -> 0 | AM66: =MIN(5,VALUE(V66)) -> 0 | AN66: =AB66 -> 0 | AO66: =AC66+AD66+AE66+AF66 -> 0 | AP66: =AG66+AH66 -> 0 | AQ66: =AI66+AJ66 -> 0 | AR66: =AK66+AL66+AM66 -> 0 | AS66: =AN66*Weights!B3/100+AO66*Weights!B4/100+AP66*Weights!B5/100+AQ66*Weights!B6/100+AR66*Weights!B7/100 -> 0 | AT66: https://www.bechtle.com/de-en/solutions/digitalisation/ai | AY66: https://www.bechtle.com/de-en/career | BB66: https://www.bechtle.com/de-en/about-bechtle/newsroom | BD66: AI solutions; newsroom; careers.
A67: T-Systems (Design) | B67: https://www.t-systems.com/ | C67: Subsidiary of public company | D67: 2000 | F67: 5k–20k | AB67: =VALUE(R67)*6 -> 0 | AC67: =IFERROR(VLOOKUP(K67,PointsMap!D2:E3,2,0),0) -> 0 | AD67: =IFERROR(VLOOKUP(M67,PointsMap!G2:H5,2,0),0) -> 0 | AE67: =IFERROR(VLOOKUP(AA67,PointsMap!M2:N5,2,0),0) -> 0 | AF67: =IFERROR(VLOOKUP(Z67,PointsMap!J2:K5,2,0),0) -> 0 | AG67: =MIN(8,VALUE(T67)*2) -> 0 | AH67: =IFERROR(VLOOKUP(Q67,PointsMap!P2:Q5,2,0),0) -> 0 | AI67: =MIN(8,ROUND(VALUE(G67)*8,0)) -> 0 | AJ67: =IFERROR(VLOOKUP(I67,PointsMap!A2:B5,2,0),0) -> 0 | AK67: =IFERROR(VLOOKUP(W67,PointsMap!S2:T4,2,0),0) -> 0 | AL67: =IFERROR(VLOOKUP(X67,PointsMap!V2:W4,2,0),0) -> 0 | AM67: =MIN(5,VALUE(V67)) -> 0 | AN67: =AB67 -> 0 | AO67: =AC67+AD67+AE67+AF67 -> 0 | AP67: =AG67+AH67 -> 0 | AQ67: =AI67+AJ67 -> 0 | AR67: =AK67+AL67+AM67 -> 0 | AS67: =AN67*Weights!B3/100+AO67*Weights!B4/100+AP67*Weights!B5/100+AQ67*Weights!B6/100+AR67*Weights!B7/100 -> 0 | AT67: https://www.t-systems.com/resource/blob/ | AU67: https://www.t-systems.com/de/en/about-the-company/compliance | AY67: https://www.t-systems.com/de/en/careers | BB67: https://www.t-systems.com/de/en/newsroom | BD67: Deutsche Telekom subsidiary; compliance; newsroom.
A68: Kyndryl (Design) | B68: https://www.kyndryl.com/ | C68: Public company | D68: 2021 | F68: 5k–20k | AB68: =VALUE(R68)*6 -> 0 | AC68: =IFERROR(VLOOKUP(K68,PointsMap!D2:E3,2,0),0) -> 0 | AD68: =IFERROR(VLOOKUP(M68,PointsMap!G2:H5,2,0),0) -> 0 | AE68: =IFERROR(VLOOKUP(AA68,PointsMap!M2:N5,2,0),0) -> 0 | AF68: =IFERROR(VLOOKUP(Z68,PointsMap!J2:K5,2,0),0) -> 0 | AG68: =MIN(8,VALUE(T68)*2) -> 0 | AH68: =IFERROR(VLOOKUP(Q68,PointsMap!P2:Q5,2,0),0) -> 0 | AI68: =MIN(8,ROUND(VALUE(G68)*8,0)) -> 0 | AJ68: =IFERROR(VLOOKUP(I68,PointsMap!A2:B5,2,0),0) -> 0 | AK68: =IFERROR(VLOOKUP(W68,PointsMap!S2:T4,2,0),0) -> 0 | AL68: =IFERROR(VLOOKUP(X68,PointsMap!V2:W4,2,0),0) -> 0 | AM68: =MIN(5,VALUE(V68)) -> 0 | AN68: =AB68 -> 0 | AO68: =AC68+AD68+AE68+AF68 -> 0 | AP68: =AG68+AH68 -> 0 | AQ68: =AI68+AJ68 -> 0 | AR68: =AK68+AL68+AM68 -> 0 | AS68: =AN68*Weights!B3/100+AO68*Weights!B4/100+AP68*Weights!B5/100+AQ68*Weights!B6/100+AR68*Weights!B7/100 -> 0 | AT68: https://www.kyndryl.com/us/en/services/advisory-and-implementation/data-and-ai | AU68: https://www.kyndryl.com/us/en/about-us/trust-center | AY68: https://www.kyndryl.com/us/en/careers | BB68: https://www.kyndryl.com/us/en/learn | BD68: Data & AI services; trust center; learn hub.
A69: HCLTech (CX Studio) | B69: https://www.hcltech.com/ | C69: Public company | D69: 1976 | F69: >20k | AB69: =VALUE(R69)*6 -> 0 | AC69: =IFERROR(VLOOKUP(K69,PointsMap!D2:E3,2,0),0) -> 0 | AD69: =IFERROR(VLOOKUP(M69,PointsMap!G2:H5,2,0),0) -> 0 | AE69: =IFERROR(VLOOKUP(AA69,PointsMap!M2:N5,2,0),0) -> 0 | AF69: =IFERROR(VLOOKUP(Z69,PointsMap!J2:K5,2,0),0) -> 0 | AG69: =MIN(8,VALUE(T69)*2) -> 0 | AH69: =IFERROR(VLOOKUP(Q69,PointsMap!P2:Q5,2,0),0) -> 0 | AI69: =MIN(8,ROUND(VALUE(G69)*8,0)) -> 0 | AJ69: =IFERROR(VLOOKUP(I69,PointsMap!A2:B5,2,0),0) -> 0 | AK69: =IFERROR(VLOOKUP(W69,PointsMap!S2:T4,2,0),0) -> 0 | AL69: =IFERROR(VLOOKUP(X69,PointsMap!V2:W4,2,0),0) -> 0 | AM69: =MIN(5,VALUE(V69)) -> 0 | AN69: =AB69 -> 0 | AO69: =AC69+AD69+AE69+AF69 -> 0 | AP69: =AG69+AH69 -> 0 | AQ69: =AI69+AJ69 -> 0 | AR69: =AK69+AL69+AM69 -> 0 | AS69: =AN69*Weights!B3/100+AO69*Weights!B4/100+AP69*Weights!B5/100+AQ69*Weights!B6/100+AR69*Weights!B7/100 -> 0
A70: PWC (Exp Center) Japan | B70: https://www.pwc.com/jp/en.html | C70: Multinational network of independent member firms | F70: >20k | AB70: =VALUE(R70)*6 -> 0 | AC70: =IFERROR(VLOOKUP(K70,PointsMap!D2:E3,2,0),0) -> 0 | AD70: =IFERROR(VLOOKUP(M70,PointsMap!G2:H5,2,0),0) -> 0 | AE70: =IFERROR(VLOOKUP(AA70,PointsMap!M2:N5,2,0),0) -> 0 | AF70: =IFERROR(VLOOKUP(Z70,PointsMap!J2:K5,2,0),0) -> 0 | AG70: =MIN(8,VALUE(T70)*2) -> 0 | AH70: =IFERROR(VLOOKUP(Q70,PointsMap!P2:Q5,2,0),0) -> 0 | AI70: =MIN(8,ROUND(VALUE(G70)*8,0)) -> 0 | AJ70: =IFERROR(VLOOKUP(I70,PointsMap!A2:B5,2,0),0) -> 0 | AK70: =IFERROR(VLOOKUP(W70,PointsMap!S2:T4,2,0),0) -> 0 | AL70: =IFERROR(VLOOKUP(X70,PointsMap!V2:W4,2,0),0) -> 0 | AM70: =MIN(5,VALUE(V70)) -> 0 | AN70: =AB70 -> 0 | AO70: =AC70+AD70+AE70+AF70 -> 0 | AP70: =AG70+AH70 -> 0 | AQ70: =AI70+AJ70 -> 0 | AR70: =AK70+AL70+AM70 -> 0 | AS70: =AN70*Weights!B3/100+AO70*Weights!B4/100+AP70*Weights!B5/100+AQ70*Weights!B6/100+AR70*Weights!B7/100 -> 0 | AT70: https://www.pwc.com/jp/en/services/consulting/analytics-ai.html | AY70: https://www.pwc.com/jp/en/careers.html | BB70: https://www.pwc.com/jp/en/knowledge.html | BD70: Japan site: analytics/AI; knowledge hub; careers.
A71: EY (Design Studio) Japan | B71: https://www.ey.com/ja_jp | C71: Multinational network of independent member firms | F71: >20k | AB71: =VALUE(R71)*6 -> 0 | AC71: =IFERROR(VLOOKUP(K71,PointsMap!D2:E3,2,0),0) -> 0 | AD71: =IFERROR(VLOOKUP(M71,PointsMap!G2:H5,2,0),0) -> 0 | AE71: =IFERROR(VLOOKUP(AA71,PointsMap!M2:N5,2,0),0) -> 0 | AF71: =IFERROR(VLOOKUP(Z71,PointsMap!J2:K5,2,0),0) -> 0 | AG71: =MIN(8,VALUE(T71)*2) -> 0 | AH71: =IFERROR(VLOOKUP(Q71,PointsMap!P2:Q5,2,0),0) -> 0 | AI71: =MIN(8,ROUND(VALUE(G71)*8,0)) -> 0 | AJ71: =IFERROR(VLOOKUP(I71,PointsMap!A2:B5,2,0),0) -> 0 | AK71: =IFERROR(VLOOKUP(W71,PointsMap!S2:T4,2,0),0) -> 0 | AL71: =IFERROR(VLOOKUP(X71,PointsMap!V2:W4,2,0),0) -> 0 | AM71: =MIN(5,VALUE(V71)) -> 0 | AN71: =AB71 -> 0 | AO71: =AC71+AD71+AE71+AF71 -> 0 | AP71: =AG71+AH71 -> 0 | AQ71: =AI71+AJ71 -> 0 | AR71: =AK71+AL71+AM71 -> 0 | AS71: =AN71*Weights!B3/100+AO71*Weights!B4/100+AP71*Weights!B5/100+AQ71*Weights!B6/100+AR71*Weights!B7/100 -> 0 | AT71: https://www.ey.com/ja_jp/alliances/ai | AY71: https://www.ey.com/ja_jp/careers | BB71: https://www.ey.com/ja_jp/insights | BD71: Japan site: AI alliances; insights; careers.
A72: Work & Co | B72: https://work.co/ | C72: Private company | D72: 2013 | E72: 7 | F72: 500–1k | I72: Hybrid | J72: $250k–$1M | M72: WCAG AA | R72: 3 | S72: Component generation | U72: Not disclosed | W72: Contributor | X72: Monthly+ | Y72: Tokens/Multi-brand | Z72: A/B testing | AA72: Lint/Static analysis | AB72: =VALUE(R72)*6 -> 0 | AC72: =IFERROR(VLOOKUP(K72,PointsMap!D2:E3,2,0),0) -> 0 | AD72: =IFERROR(VLOOKUP(M72,PointsMap!G2:H5,2,0),0) -> 0 | AE72: =IFERROR(VLOOKUP(AA72,PointsMap!M2:N5,2,0),0) -> 0 | AF72: =IFERROR(VLOOKUP(Z72,PointsMap!J2:K5,2,0),0) -> 0 | AG72: =MIN(8,VALUE(T72)*2) -> 0 | AH72: =IFERROR(VLOOKUP(Q72,PointsMap!P2:Q5,2,0),0) -> 0 | AI72: =MIN(8,ROUND(VALUE(G72)*8,0)) -> 0 | AJ72: =IFERROR(VLOOKUP(I72,PointsMap!A2:B5,2,0),0) -> 0 | AK72: =IFERROR(VLOOKUP(W72,PointsMap!S2:T4,2,0),0) -> 0 | AL72: =IFERROR(VLOOKUP(X72,PointsMap!V2:W4,2,0),0) -> 0 | AM72: =MIN(5,VALUE(V72)) -> 0 | AN72: =AB72 -> 0 | AO72: =AC72+AD72+AE72+AF72 -> 0 | AP72: =AG72+AH72 -> 0 | AQ72: =AI72+AJ72 -> 0 | AR72: =AK72+AL72+AM72 -> 0 | AS72: =AN72*Weights!B3/100+AO72*Weights!B4/100+AP72*Weights!B5/100+AQ72*Weights!B6/100+AR72*Weights!B7/100 -> 0 | AT72: https://work.co/capabilities/technology/ | AY72: https://work.co/careers/ | BB72: https://work.co/ideas/ | BD72: Product engineering & tech capabilities; careers; ideas/blog.
A73: Instrument | B73: https://www.instrument.com/ | C73: Private company | D73: 2002 | E73: 4 | F73: 500–1k | I73: Hybrid | J73: $250k–$1M | M73: Guidelines only | R73: 2 | S73: Copy/Localization | U73: Not disclosed | W73: None | X73: Monthly+ | Y73: Guidelines | Z73: Event tracking | AA73: None | AB73: =VALUE(R73)*6 -> 0 | AC73: =IFERROR(VLOOKUP(K73,PointsMap!D2:E3,2,0),0) -> 0 | AD73: =IFERROR(VLOOKUP(M73,PointsMap!G2:H5,2,0),0) -> 0 | AE73: =IFERROR(VLOOKUP(AA73,PointsMap!M2:N5,2,0),0) -> 0 | AF73: =IFERROR(VLOOKUP(Z73,PointsMap!J2:K5,2,0),0) -> 0 | AG73: =MIN(8,VALUE(T73)*2) -> 0 | AH73: =IFERROR(VLOOKUP(Q73,PointsMap!P2:Q5,2,0),0) -> 0 | AI73: =MIN(8,ROUND(VALUE(G73)*8,0)) -> 0 | AJ73: =IFERROR(VLOOKUP(I73,PointsMap!A2:B5,2,0),0) -> 0 | AK73: =IFERROR(VLOOKUP(W73,PointsMap!S2:T4,2,0),0) -> 0 | AL73: =IFERROR(VLOOKUP(X73,PointsMap!V2:W4,2,0),0) -> 0 | AM73: =MIN(5,VALUE(V73)) -> 0 | AN73: =AB73 -> 0 | AO73: =AC73+AD73+AE73+AF73 -> 0 | AP73: =AG73+AH73 -> 0 | AQ73: =AI73+AJ73 -> 0 | AR73: =AK73+AL73+AM73 -> 0 | AS73: =AN73*Weights!B3/100+AO73*Weights!B4/100+AP73*Weights!B5/100+AQ73*Weights!B6/100+AR73*Weights!B7/100 -> 0 | AT73: https://www.instrument.com/services/technology | AY73: https://www.instrument.com/careers | BB73: https://www.instrument.com/news | BD73: Tech services; hiring; newsroom (cadence).
A74: MetaLab | B74: https://metalab.com/ | C74: Private company | D74: 2006 | E74: 3 | F74: 100–499 | I74: Remote-first | J74: $250k–$1M | M74: Guidelines only | R74: 3 | S74: Component generation | U74: Commercial LLM | W74: None | X74: Monthly+ | Y74: Tokens/Multi-brand | Z74: A/B testing | AA74: None | AB74: =VALUE(R74)*6 -> 0 | AC74: =IFERROR(VLOOKUP(K74,PointsMap!D2:E3,2,0),0) -> 0 | AD74: =IFERROR(VLOOKUP(M74,PointsMap!G2:H5,2,0),0) -> 0 | AE74: =IFERROR(VLOOKUP(AA74,PointsMap!M2:N5,2,0),0) -> 0 | AF74: =IFERROR(VLOOKUP(Z74,PointsMap!J2:K5,2,0),0) -> 0 | AG74: =MIN(8,VALUE(T74)*2) -> 0 | AH74: =IFERROR(VLOOKUP(Q74,PointsMap!P2:Q5,2,0),0) -> 0 | AI74: =MIN(8,ROUND(VALUE(G74)*8,0)) -> 0 | AJ74: =IFERROR(VLOOKUP(I74,PointsMap!A2:B5,2,0),0) -> 0 | AK74: =IFERROR(VLOOKUP(W74,PointsMap!S2:T4,2,0),0) -> 0 | AL74: =IFERROR(VLOOKUP(X74,PointsMap!V2:W4,2,0),0) -> 0 | AM74: =MIN(5,VALUE(V74)) -> 0 | AN74: =AB74 -> 0 | AO74: =AC74+AD74+AE74+AF74 -> 0 | AP74: =AG74+AH74 -> 0 | AQ74: =AI74+AJ74 -> 0 | AR74: =AK74+AL74+AM74 -> 0 | AS74: =AN74*Weights!B3/100+AO74*Weights!B4/100+AP74*Weights!B5/100+AQ74*Weights!B6/100+AR74*Weights!B7/100 -> 0 | AT74: https://metalab.com/services/product-design/ | AY74: https://metalab.com/careers | BB74: https://metalab.com/ideas | BD74: Product studios focus; ideas/blog; hiring.
A75: ustwo | B75: https://ustwo.com/ | C75: Private company | D75: 2004 | E75: 3 | F75: 100–499 | I75: Hybrid | J75: $250k–$1M | M75: WCAG AA | R75: 3 | S75: Component generation | U75: Commercial LLM | W75: Contributor | X75: Quarterly | Y75: Tokens/Multi-brand | Z75: A/B testing | AA75: Lint/Static analysis | AB75: =VALUE(R75)*6 -> 0 | AC75: =IFERROR(VLOOKUP(K75,PointsMap!D2:E3,2,0),0) -> 0 | AD75: =IFERROR(VLOOKUP(M75,PointsMap!G2:H5,2,0),0) -> 0 | AE75: =IFERROR(VLOOKUP(AA75,PointsMap!M2:N5,2,0),0) -> 0 | AF75: =IFERROR(VLOOKUP(Z75,PointsMap!J2:K5,2,0),0) -> 0 | AG75: =MIN(8,VALUE(T75)*2) -> 0 | AH75: =IFERROR(VLOOKUP(Q75,PointsMap!P2:Q5,2,0),0) -> 0 | AI75: =MIN(8,ROUND(VALUE(G75)*8,0)) -> 0 | AJ75: =IFERROR(VLOOKUP(I75,PointsMap!A2:B5,2,0),0) -> 0 | AK75: =IFERROR(VLOOKUP(W75,PointsMap!S2:T4,2,0),0) -> 0 | AL75: =IFERROR(VLOOKUP(X75,PointsMap!V2:W4,2,0),0) -> 0 | AM75: =MIN(5,VALUE(V75)) -> 0 | AN75: =AB75 -> 0 | AO75: =AC75+AD75+AE75+AF75 -> 0 | AP75: =AG75+AH75 -> 0 | AQ75: =AI75+AJ75 -> 0 | AR75: =AK75+AL75+AM75 -> 0 | AS75: =AN75*Weights!B3/100+AO75*Weights!B4/100+AP75*Weights!B5/100+AQ75*Weights!B6/100+AR75*Weights!B7/100 -> 0 | AT75: https://ustwo.com/services | AY75: https://ustwo.com/careers | BB75: https://ustwo.com/blog | BD75: Services incl. emerging tech; blog; careers.
A76: Fantasy | B76: https://fantasy.co/ | C76: Private company | D76: 1999 | E76: 3 | F76: 100–499 | I76: Hybrid | J76: $250k–$1M | M76: Guidelines only | R76: 2 | S76: Asset generation | U76: Not disclosed | W76: None | X76: Quarterly | Y76: Guidelines | Z76: Event tracking | AA76: None | AB76: =VALUE(R76)*6 -> 0 | AC76: =IFERROR(VLOOKUP(K76,PointsMap!D2:E3,2,0),0) -> 0 | AD76: =IFERROR(VLOOKUP(M76,PointsMap!G2:H5,2,0),0) -> 0 | AE76: =IFERROR(VLOOKUP(AA76,PointsMap!M2:N5,2,0),0) -> 0 | AF76: =IFERROR(VLOOKUP(Z76,PointsMap!J2:K5,2,0),0) -> 0 | AG76: =MIN(8,VALUE(T76)*2) -> 0 | AH76: =IFERROR(VLOOKUP(Q76,PointsMap!P2:Q5,2,0),0) -> 0 | AI76: =MIN(8,ROUND(VALUE(G76)*8,0)) -> 0 | AJ76: =IFERROR(VLOOKUP(I76,PointsMap!A2:B5,2,0),0) -> 0 | AK76: =IFERROR(VLOOKUP(W76,PointsMap!S2:T4,2,0),0) -> 0 | AL76: =IFERROR(VLOOKUP(X76,PointsMap!V2:W4,2,0),0) -> 0 | AM76: =MIN(5,VALUE(V76)) -> 0 | AN76: =AB76 -> 0 | AO76: =AC76+AD76+AE76+AF76 -> 0 | AP76: =AG76+AH76 -> 0 | AQ76: =AI76+AJ76 -> 0 | AR76: =AK76+AL76+AM76 -> 0 | AS76: =AN76*Weights!B3/100+AO76*Weights!B4/100+AP76*Weights!B5/100+AQ76*Weights!B6/100+AR76*Weights!B7/100 -> 0 | AT76: https://fantasy.co/capabilities | AY76: https://fantasy.co/#careers | BB76: https://fantasy.co/work | BD76: Capabilities; portfolio cadence; careers.
A77: Clay | B77: https://clay.global/ | C77: Private company | D77: 2016 | E77: 2 | F77: 100–499 | I77: Hybrid | J77: $250k–$1M | M77: Guidelines only | R77: 2 | S77: Copy/Localization | U77: Commercial LLM | W77: None | X77: Monthly+ | Y77: Guidelines | Z77: Event tracking | AA77: None | AB77: =VALUE(R77)*6 -> 0 | AC77: =IFERROR(VLOOKUP(K77,PointsMap!D2:E3,2,0),0) -> 0 | AD77: =IFERROR(VLOOKUP(M77,PointsMap!G2:H5,2,0),0) -> 0 | AE77: =IFERROR(VLOOKUP(AA77,PointsMap!M2:N5,2,0),0) -> 0 | AF77: =IFERROR(VLOOKUP(Z77,PointsMap!J2:K5,2,0),0) -> 0 | AG77: =MIN(8,VALUE(T77)*2) -> 0 | AH77: =IFERROR(VLOOKUP(Q77,PointsMap!P2:Q5,2,0),0) -> 0 | AI77: =MIN(8,ROUND(VALUE(G77)*8,0)) -> 0 | AJ77: =IFERROR(VLOOKUP(I77,PointsMap!A2:B5,2,0),0) -> 0 | AK77: =IFERROR(VLOOKUP(W77,PointsMap!S2:T4,2,0),0) -> 0 | AL77: =IFERROR(VLOOKUP(X77,PointsMap!V2:W4,2,0),0) -> 0 | AM77: =MIN(5,VALUE(V77)) -> 0 | AN77: =AB77 -> 0 | AO77: =AC77+AD77+AE77+AF77 -> 0 | AP77: =AG77+AH77 -> 0 | AQ77: =AI77+AJ77 -> 0 | AR77: =AK77+AL77+AM77 -> 0 | AS77: =AN77*Weights!B3/100+AO77*Weights!B4/100+AP77*Weights!B5/100+AQ77*Weights!B6/100+AR77*Weights!B7/100 -> 0 | AT77: https://clay.global/services | AY77: https://clay.global/careers | BB77: https://clay.global/work | BD77: Service list; work cadence; careers.
A78: Ramotion | B78: https://www.ramotion.com/ | C78: Private company | D78: 2009 | E78: 2 | F78: 100–499 | I78: Remote-first | J78: $250k–$1M | M78: Guidelines only | R78: 2 | S78: Asset generation | U78: Not disclosed | W78: None | X78: Monthly+ | Y78: Guidelines | Z78: Event tracking | AA78: None | AB78: =VALUE(R78)*6 -> 0 | AC78: =IFERROR(VLOOKUP(K78,PointsMap!D2:E3,2,0),0) -> 0 | AD78: =IFERROR(VLOOKUP(M78,PointsMap!G2:H5,2,0),0) -> 0 | AE78: =IFERROR(VLOOKUP(AA78,PointsMap!M2:N5,2,0),0) -> 0 | AF78: =IFERROR(VLOOKUP(Z78,PointsMap!J2:K5,2,0),0) -> 0 | AG78: =MIN(8,VALUE(T78)*2) -> 0 | AH78: =IFERROR(VLOOKUP(Q78,PointsMap!P2:Q5,2,0),0) -> 0 | AI78: =MIN(8,ROUND(VALUE(G78)*8,0)) -> 0 | AJ78: =IFERROR(VLOOKUP(I78,PointsMap!A2:B5,2,0),0) -> 0 | AK78: =IFERROR(VLOOKUP(W78,PointsMap!S2:T4,2,0),0) -> 0 | AL78: =IFERROR(VLOOKUP(X78,PointsMap!V2:W4,2,0),0) -> 0 | AM78: =MIN(5,VALUE(V78)) -> 0 | AN78: =AB78 -> 0 | AO78: =AC78+AD78+AE78+AF78 -> 0 | AP78: =AG78+AH78 -> 0 | AQ78: =AI78+AJ78 -> 0 | AR78: =AK78+AL78+AM78 -> 0 | AS78: =AN78*Weights!B3/100+AO78*Weights!B4/100+AP78*Weights!B5/100+AQ78*Weights!B6/100+AR78*Weights!B7/100 -> 0 | AT78: https://www.ramotion.com/services/ | AY78: https://www.ramotion.com/careers/ | BB78: https://www.ramotion.com/blog/ | BD78: Services; blog; hiring.
A79: STRV | B79: https://www.strv.com/ | C79: Private company | D79: 2004 | E79: 4 | F79: 500–1k | I79: Hybrid | J79: $250k–$1M | M79: Guidelines only | R79: 3 | S79: Component generation | U79: Commercial LLM | W79: Contributor | X79: Monthly+ | Y79: Tokens/Multi-brand | Z79: A/B testing | AA79: Lint/Static analysis | AB79: =VALUE(R79)*6 -> 0 | AC79: =IFERROR(VLOOKUP(K79,PointsMap!D2:E3,2,0),0) -> 0 | AD79: =IFERROR(VLOOKUP(M79,PointsMap!G2:H5,2,0),0) -> 0 | AE79: =IFERROR(VLOOKUP(AA79,PointsMap!M2:N5,2,0),0) -> 0 | AF79: =IFERROR(VLOOKUP(Z79,PointsMap!J2:K5,2,0),0) -> 0 | AG79: =MIN(8,VALUE(T79)*2) -> 0 | AH79: =IFERROR(VLOOKUP(Q79,PointsMap!P2:Q5,2,0),0) -> 0 | AI79: =MIN(8,ROUND(VALUE(G79)*8,0)) -> 0 | AJ79: =IFERROR(VLOOKUP(I79,PointsMap!A2:B5,2,0),0) -> 0 | AK79: =IFERROR(VLOOKUP(W79,PointsMap!S2:T4,2,0),0) -> 0 | AL79: =IFERROR(VLOOKUP(X79,PointsMap!V2:W4,2,0),0) -> 0 | AM79: =MIN(5,VALUE(V79)) -> 0 | AN79: =AB79 -> 0 | AO79: =AC79+AD79+AE79+AF79 -> 0 | AP79: =AG79+AH79 -> 0 | AQ79: =AI79+AJ79 -> 0 | AR79: =AK79+AL79+AM79 -> 0 | AS79: =AN79*Weights!B3/100+AO79*Weights!B4/100+AP79*Weights!B5/100+AQ79*Weights!B6/100+AR79*Weights!B7/100 -> 0 | AT79: https://www.strv.com/services | AY79: https://www.strv.com/careers | BB79: https://www.strv.com/blog | BD79: Service & blog; hiring.
A80: DesignStudio | B80: https://design.studio/ | C80: Private company | D80: 2009 | E80: 4 | F80: 100–499 | I80: Hybrid | J80: $250k–$1M | M80: Guidelines only | R80: 2 | S80: Asset generation | U80: Not disclosed | W80: None | X80: Quarterly | Y80: Guidelines | Z80: Event tracking | AA80: None | AB80: =VALUE(R80)*6 -> 0 | AC80: =IFERROR(VLOOKUP(K80,PointsMap!D2:E3,2,0),0) -> 0 | AD80: =IFERROR(VLOOKUP(M80,PointsMap!G2:H5,2,0),0) -> 0 | AE80: =IFERROR(VLOOKUP(AA80,PointsMap!M2:N5,2,0),0) -> 0 | AF80: =IFERROR(VLOOKUP(Z80,PointsMap!J2:K5,2,0),0) -> 0 | AG80: =MIN(8,VALUE(T80)*2) -> 0 | AH80: =IFERROR(VLOOKUP(Q80,PointsMap!P2:Q5,2,0),0) -> 0 | AI80: =MIN(8,ROUND(VALUE(G80)*8,0)) -> 0 | AJ80: =IFERROR(VLOOKUP(I80,PointsMap!A2:B5,2,0),0) -> 0 | AK80: =IFERROR(VLOOKUP(W80,PointsMap!S2:T4,2,0),0) -> 0 | AL80: =IFERROR(VLOOKUP(X80,PointsMap!V2:W4,2,0),0) -> 0 | AM80: =MIN(5,VALUE(V80)) -> 0 | AN80: =AB80 -> 0 | AO80: =AC80+AD80+AE80+AF80 -> 0 | AP80: =AG80+AH80 -> 0 | AQ80: =AI80+AJ80 -> 0 | AR80: =AK80+AL80+AM80 -> 0 | AS80: =AN80*Weights!B3/100+AO80*Weights!B4/100+AP80*Weights!B5/100+AQ80*Weights!B6/100+AR80*Weights!B7/100 -> 0 | AT80: https://design.studio/work | AY80: https://design.studio/careers | BB80: https://design.studio/journal | BD80: Journal cadence; careers; portfolio.
A81: Moving Brands | B81: https://www.movingbrands.com/ | C81: Private company | D81: 1998 | E81: 4 | F81: 100–499 | I81: Hybrid | J81: $250k–$1M | M81: Guidelines only | R81: 2 | S81: Asset generation | U81: Not disclosed | W81: None | X81: Quarterly | Y81: Guidelines | Z81: Event tracking | AA81: None | AB81: =VALUE(R81)*6 -> 0 | AC81: =IFERROR(VLOOKUP(K81,PointsMap!D2:E3,2,0),0) -> 0 | AD81: =IFERROR(VLOOKUP(M81,PointsMap!G2:H5,2,0),0) -> 0 | AE81: =IFERROR(VLOOKUP(AA81,PointsMap!M2:N5,2,0),0) -> 0 | AF81: =IFERROR(VLOOKUP(Z81,PointsMap!J2:K5,2,0),0) -> 0 | AG81: =MIN(8,VALUE(T81)*2) -> 0 | AH81: =IFERROR(VLOOKUP(Q81,PointsMap!P2:Q5,2,0),0) -> 0 | AI81: =MIN(8,ROUND(VALUE(G81)*8,0)) -> 0 | AJ81: =IFERROR(VLOOKUP(I81,PointsMap!A2:B5,2,0),0) -> 0 | AK81: =IFERROR(VLOOKUP(W81,PointsMap!S2:T4,2,0),0) -> 0 | AL81: =IFERROR(VLOOKUP(X81,PointsMap!V2:W4,2,0),0) -> 0 | AM81: =MIN(5,VALUE(V81)) -> 0 | AN81: =AB81 -> 0 | AO81: =AC81+AD81+AE81+AF81 -> 0 | AP81: =AG81+AH81 -> 0 | AQ81: =AI81+AJ81 -> 0 | AR81: =AK81+AL81+AM81 -> 0 | AS81: =AN81*Weights!B3/100+AO81*Weights!B4/100+AP81*Weights!B5/100+AQ81*Weights!B6/100+AR81*Weights!B7/100 -> 0 | AT81: https://www.movingbrands.com/what-we-do | AY81: https://www.movingbrands.com/careers | BB81: https://www.movingbrands.com/work | BD81: What we do; work cadence; careers.
A82: COLLINS | B82: https://www.wearecollins.com/ | C82: Private company | D82: 2008 | E82: 3 | F82: 100–499 | I82: Hybrid | J82: $250k–$1M | M82: Guidelines only | R82: 2 | S82: Asset generation | U82: Not disclosed | W82: None | X82: Monthly+ | Y82: Guidelines | Z82: Event tracking | AA82: None | AB82: =VALUE(R82)*6 -> 0 | AC82: =IFERROR(VLOOKUP(K82,PointsMap!D2:E3,2,0),0) -> 0 | AD82: =IFERROR(VLOOKUP(M82,PointsMap!G2:H5,2,0),0) -> 0 | AE82: =IFERROR(VLOOKUP(AA82,PointsMap!M2:N5,2,0),0) -> 0 | AF82: =IFERROR(VLOOKUP(Z82,PointsMap!J2:K5,2,0),0) -> 0 | AG82: =MIN(8,VALUE(T82)*2) -> 0 | AH82: =IFERROR(VLOOKUP(Q82,PointsMap!P2:Q5,2,0),0) -> 0 | AI82: =MIN(8,ROUND(VALUE(G82)*8,0)) -> 0 | AJ82: =IFERROR(VLOOKUP(I82,PointsMap!A2:B5,2,0),0) -> 0 | AK82: =IFERROR(VLOOKUP(W82,PointsMap!S2:T4,2,0),0) -> 0 | AL82: =IFERROR(VLOOKUP(X82,PointsMap!V2:W4,2,0),0) -> 0 | AM82: =MIN(5,VALUE(V82)) -> 0 | AN82: =AB82 -> 0 | AO82: =AC82+AD82+AE82+AF82 -> 0 | AP82: =AG82+AH82 -> 0 | AQ82: =AI82+AJ82 -> 0 | AR82: =AK82+AL82+AM82 -> 0 | AS82: =AN82*Weights!B3/100+AO82*Weights!B4/100+AP82*Weights!B5/100+AQ82*Weights!B6/100+AR82*Weights!B7/100 -> 0 | AT82: https://www.wearecollins.com/work/ | AY82: https://www.wearecollins.com/careers/ | BB82: https://www.wearecollins.com/things/ | BD82: Work & things (blog); careers.
A83: Wolff Olins | B83: https://www.wolffolins.com/ | C83: Subsidiary of public company | D83: 1965 | E83: 5 | F83: 100–499 | I83: Hybrid | J83: $250k–$1M | M83: Guidelines only | R83: 2 | S83: Copy/Localization | U83: Commercial LLM | W83: None | X83: Quarterly | Y83: Guidelines | Z83: Event tracking | AA83: None | AB83: =VALUE(R83)*6 -> 0 | AC83: =IFERROR(VLOOKUP(K83,PointsMap!D2:E3,2,0),0) -> 0 | AD83: =IFERROR(VLOOKUP(M83,PointsMap!G2:H5,2,0),0) -> 0 | AE83: =IFERROR(VLOOKUP(AA83,PointsMap!M2:N5,2,0),0) -> 0 | AF83: =IFERROR(VLOOKUP(Z83,PointsMap!J2:K5,2,0),0) -> 0 | AG83: =MIN(8,VALUE(T83)*2) -> 0 | AH83: =IFERROR(VLOOKUP(Q83,PointsMap!P2:Q5,2,0),0) -> 0 | AI83: =MIN(8,ROUND(VALUE(G83)*8,0)) -> 0 | AJ83: =IFERROR(VLOOKUP(I83,PointsMap!A2:B5,2,0),0) -> 0 | AK83: =IFERROR(VLOOKUP(W83,PointsMap!S2:T4,2,0),0) -> 0 | AL83: =IFERROR(VLOOKUP(X83,PointsMap!V2:W4,2,0),0) -> 0 | AM83: =MIN(5,VALUE(V83)) -> 0 | AN83: =AB83 -> 0 | AO83: =AC83+AD83+AE83+AF83 -> 0 | AP83: =AG83+AH83 -> 0 | AQ83: =AI83+AJ83 -> 0 | AR83: =AK83+AL83+AM83 -> 0 | AS83: =AN83*Weights!B3/100+AO83*Weights!B4/100+AP83*Weights!B5/100+AQ83*Weights!B6/100+AR83*Weights!B7/100 -> 0 | AT83: https://www.wolffolins.com/services/ | AY83: https://www.wolffolins.com/careers/ | BB83: https://www.wolffolins.com/our-thinking/ | BD83: Services; thinking/blog; careers.
A84: Landor (Landor & Fitch) | B84: https://landor.com/ | C84: Subsidiary of public company | D84: 1941 | E84: 26 | F84: 1–5k | I84: Hybrid | J84: $250k–$1M | M84: Guidelines only | R84: 2 | S84: Asset generation | U84: Not disclosed | W84: None | X84: Monthly+ | Y84: Guidelines | Z84: Event tracking | AA84: None | AB84: =VALUE(R84)*6 -> 0 | AC84: =IFERROR(VLOOKUP(K84,PointsMap!D2:E3,2,0),0) -> 0 | AD84: =IFERROR(VLOOKUP(M84,PointsMap!G2:H5,2,0),0) -> 0 | AE84: =IFERROR(VLOOKUP(AA84,PointsMap!M2:N5,2,0),0) -> 0 | AF84: =IFERROR(VLOOKUP(Z84,PointsMap!J2:K5,2,0),0) -> 0 | AG84: =MIN(8,VALUE(T84)*2) -> 0 | AH84: =IFERROR(VLOOKUP(Q84,PointsMap!P2:Q5,2,0),0) -> 0 | AI84: =MIN(8,ROUND(VALUE(G84)*8,0)) -> 0 | AJ84: =IFERROR(VLOOKUP(I84,PointsMap!A2:B5,2,0),0) -> 0 | AK84: =IFERROR(VLOOKUP(W84,PointsMap!S2:T4,2,0),0) -> 0 | AL84: =IFERROR(VLOOKUP(X84,PointsMap!V2:W4,2,0),0) -> 0 | AM84: =MIN(5,VALUE(V84)) -> 0 | AN84: =AB84 -> 0 | AO84: =AC84+AD84+AE84+AF84 -> 0 | AP84: =AG84+AH84 -> 0 | AQ84: =AI84+AJ84 -> 0 | AR84: =AK84+AL84+AM84 -> 0 | AS84: =AN84*Weights!B3/100+AO84*Weights!B4/100+AP84*Weights!B5/100+AQ84*Weights!B6/100+AR84*Weights!B7/100 -> 0 | AT84: https://landor.com/our-services | AY84: https://landor.com/join-us | BB84: https://landor.com/our-thinking | BD84: Services; thinking; careers.
A85: Saffron | B85: https://saffron-consultants.com/ | C85: Private company | D85: 2001 | E85: 6 | F85: 100–499 | I85: Hybrid | J85: $250k–$1M | M85: Guidelines only | R85: 2 | S85: Asset generation | U85: Not disclosed | W85: None | X85: Quarterly | Y85: Guidelines | Z85: Event tracking | AA85: None | AB85: =VALUE(R85)*6 -> 0 | AC85: =IFERROR(VLOOKUP(K85,PointsMap!D2:E3,2,0),0) -> 0 | AD85: =IFERROR(VLOOKUP(M85,PointsMap!G2:H5,2,0),0) -> 0 | AE85: =IFERROR(VLOOKUP(AA85,PointsMap!M2:N5,2,0),0) -> 0 | AF85: =IFERROR(VLOOKUP(Z85,PointsMap!J2:K5,2,0),0) -> 0 | AG85: =MIN(8,VALUE(T85)*2) -> 0 | AH85: =IFERROR(VLOOKUP(Q85,PointsMap!P2:Q5,2,0),0) -> 0 | AI85: =MIN(8,ROUND(VALUE(G85)*8,0)) -> 0 | AJ85: =IFERROR(VLOOKUP(I85,PointsMap!A2:B5,2,0),0) -> 0 | AK85: =IFERROR(VLOOKUP(W85,PointsMap!S2:T4,2,0),0) -> 0 | AL85: =IFERROR(VLOOKUP(X85,PointsMap!V2:W4,2,0),0) -> 0 | AM85: =MIN(5,VALUE(V85)) -> 0 | AN85: =AB85 -> 0 | AO85: =AC85+AD85+AE85+AF85 -> 0 | AP85: =AG85+AH85 -> 0 | AQ85: =AI85+AJ85 -> 0 | AR85: =AK85+AL85+AM85 -> 0 | AS85: =AN85*Weights!B3/100+AO85*Weights!B4/100+AP85*Weights!B5/100+AQ85*Weights!B6/100+AR85*Weights!B7/100 -> 0 | AT85: https://saffron-consultants.com/expertise/ | AY85: https://saffron-consultants.com/careers/ | BB85: https://saffron-consultants.com/insights/ | BD85: Expertise; insights/blog; careers.
A86: Superunion | B86: https://www.superunion.com/ | C86: Subsidiary brand of public holding company | D86: 2018 | E86: 17 | F86: 1–5k | I86: Hybrid | J86: $250k–$1M | M86: Guidelines only | R86: 2 | S86: Copy/Localization | U86: Commercial LLM | W86: None | X86: Quarterly | Y86: Guidelines | Z86: Event tracking | AA86: None | AB86: =VALUE(R86)*6 -> 0 | AC86: =IFERROR(VLOOKUP(K86,PointsMap!D2:E3,2,0),0) -> 0 | AD86: =IFERROR(VLOOKUP(M86,PointsMap!G2:H5,2,0),0) -> 0 | AE86: =IFERROR(VLOOKUP(AA86,PointsMap!M2:N5,2,0),0) -> 0 | AF86: =IFERROR(VLOOKUP(Z86,PointsMap!J2:K5,2,0),0) -> 0 | AG86: =MIN(8,VALUE(T86)*2) -> 0 | AH86: =IFERROR(VLOOKUP(Q86,PointsMap!P2:Q5,2,0),0) -> 0 | AI86: =MIN(8,ROUND(VALUE(G86)*8,0)) -> 0 | AJ86: =IFERROR(VLOOKUP(I86,PointsMap!A2:B5,2,0),0) -> 0 | AK86: =IFERROR(VLOOKUP(W86,PointsMap!S2:T4,2,0),0) -> 0 | AL86: =IFERROR(VLOOKUP(X86,PointsMap!V2:W4,2,0),0) -> 0 | AM86: =MIN(5,VALUE(V86)) -> 0 | AN86: =AB86 -> 0 | AO86: =AC86+AD86+AE86+AF86 -> 0 | AP86: =AG86+AH86 -> 0 | AQ86: =AI86+AJ86 -> 0 | AR86: =AK86+AL86+AM86 -> 0 | AS86: =AN86*Weights!B3/100+AO86*Weights!B4/100+AP86*Weights!B5/100+AQ86*Weights!B6/100+AR86*Weights!B7/100 -> 0 | AT86: https://www.superunion.com/work | AY86: https://www.superunion.com/careers | BB86: https://www.superunion.com/ideas | BD86: Ideas/blog; careers; work cadence.
A87: Koto | B87: https://koto.studio/ | C87: Private company | D87: 2015 | E87: 6 | F87: 100–499 | I87: Hybrid | J87: $250k–$1M | M87: Guidelines only | R87: 2 | S87: Asset generation | U87: Not disclosed | W87: None | X87: Monthly+ | Y87: Guidelines | Z87: Event tracking | AA87: None | AB87: =VALUE(R87)*6 -> 0 | AC87: =IFERROR(VLOOKUP(K87,PointsMap!D2:E3,2,0),0) -> 0 | AD87: =IFERROR(VLOOKUP(M87,PointsMap!G2:H5,2,0),0) -> 0 | AE87: =IFERROR(VLOOKUP(AA87,PointsMap!M2:N5,2,0),0) -> 0 | AF87: =IFERROR(VLOOKUP(Z87,PointsMap!J2:K5,2,0),0) -> 0 | AG87: =MIN(8,VALUE(T87)*2) -> 0 | AH87: =IFERROR(VLOOKUP(Q87,PointsMap!P2:Q5,2,0),0) -> 0 | AI87: =MIN(8,ROUND(VALUE(G87)*8,0)) -> 0 | AJ87: =IFERROR(VLOOKUP(I87,PointsMap!A2:B5,2,0),0) -> 0 | AK87: =IFERROR(VLOOKUP(W87,PointsMap!S2:T4,2,0),0) -> 0 | AL87: =IFERROR(VLOOKUP(X87,PointsMap!V2:W4,2,0),0) -> 0 | AM87: =MIN(5,VALUE(V87)) -> 0 | AN87: =AB87 -> 0 | AO87: =AC87+AD87+AE87+AF87 -> 0 | AP87: =AG87+AH87 -> 0 | AQ87: =AI87+AJ87 -> 0 | AR87: =AK87+AL87+AM87 -> 0 | AS87: =AN87*Weights!B3/100+AO87*Weights!B4/100+AP87*Weights!B5/100+AQ87*Weights!B6/100+AR87*Weights!B7/100 -> 0 | AT87: https://koto.studio/work/ | AY87: https://koto.studio/jobs/ | BB87: https://koto.studio/stories/ | BD87: Stories blog; jobs; work.
A88: Ragged Edge | B88: https://raggededge.com/ | C88: Private company | D88: 2007 | E88: 1 | F88: 100–499 | I88: Onsite | J88: $250k–$1M | M88: Guidelines only | R88: 2 | S88: Asset generation | U88: Not disclosed | W88: None | X88: Quarterly | Y88: Guidelines | Z88: Event tracking | AA88: None | AB88: =VALUE(R88)*6 -> 0 | AC88: =IFERROR(VLOOKUP(K88,PointsMap!D2:E3,2,0),0) -> 0 | AD88: =IFERROR(VLOOKUP(M88,PointsMap!G2:H5,2,0),0) -> 0 | AE88: =IFERROR(VLOOKUP(AA88,PointsMap!M2:N5,2,0),0) -> 0 | AF88: =IFERROR(VLOOKUP(Z88,PointsMap!J2:K5,2,0),0) -> 0 | AG88: =MIN(8,VALUE(T88)*2) -> 0 | AH88: =IFERROR(VLOOKUP(Q88,PointsMap!P2:Q5,2,0),0) -> 0 | AI88: =MIN(8,ROUND(VALUE(G88)*8,0)) -> 0 | AJ88: =IFERROR(VLOOKUP(I88,PointsMap!A2:B5,2,0),0) -> 0 | AK88: =IFERROR(VLOOKUP(W88,PointsMap!S2:T4,2,0),0) -> 0 | AL88: =IFERROR(VLOOKUP(X88,PointsMap!V2:W4,2,0),0) -> 0 | AM88: =MIN(5,VALUE(V88)) -> 0 | AN88: =AB88 -> 0 | AO88: =AC88+AD88+AE88+AF88 -> 0 | AP88: =AG88+AH88 -> 0 | AQ88: =AI88+AJ88 -> 0 | AR88: =AK88+AL88+AM88 -> 0 | AS88: =AN88*Weights!B3/100+AO88*Weights!B4/100+AP88*Weights!B5/100+AQ88*Weights!B6/100+AR88*Weights!B7/100 -> 0 | AT88: https://raggededge.com/work/ | AY88: https://raggededge.com/careers/ | BB88: https://raggededge.com/journal/ | BD88: Journal/blog; careers; work.
A89: Mucho | B89: https://www.mucho.co/ | C89: Private company | D89: 2003 | E89: 5 | F89: 100–499 | I89: Hybrid | J89: $250k–$1M | M89: Guidelines only | R89: 2 | S89: Asset generation | U89: Not disclosed | W89: None | X89: Quarterly | Y89: Guidelines | Z89: Event tracking | AA89: None | AB89: =VALUE(R89)*6 -> 0 | AC89: =IFERROR(VLOOKUP(K89,PointsMap!D2:E3,2,0),0) -> 0 | AD89: =IFERROR(VLOOKUP(M89,PointsMap!G2:H5,2,0),0) -> 0 | AE89: =IFERROR(VLOOKUP(AA89,PointsMap!M2:N5,2,0),0) -> 0 | AF89: =IFERROR(VLOOKUP(Z89,PointsMap!J2:K5,2,0),0) -> 0 | AG89: =MIN(8,VALUE(T89)*2) -> 0 | AH89: =IFERROR(VLOOKUP(Q89,PointsMap!P2:Q5,2,0),0) -> 0 | AI89: =MIN(8,ROUND(VALUE(G89)*8,0)) -> 0 | AJ89: =IFERROR(VLOOKUP(I89,PointsMap!A2:B5,2,0),0) -> 0 | AK89: =IFERROR(VLOOKUP(W89,PointsMap!S2:T4,2,0),0) -> 0 | AL89: =IFERROR(VLOOKUP(X89,PointsMap!V2:W4,2,0),0) -> 0 | AM89: =MIN(5,VALUE(V89)) -> 0 | AN89: =AB89 -> 0 | AO89: =AC89+AD89+AE89+AF89 -> 0 | AP89: =AG89+AH89 -> 0 | AQ89: =AI89+AJ89 -> 0 | AR89: =AK89+AL89+AM89 -> 0 | AS89: =AN89*Weights!B3/100+AO89*Weights!B4/100+AP89*Weights!B5/100+AQ89*Weights!B6/100+AR89*Weights!B7/100 -> 0 | AT89: https://www.mucho.co/projects | AY89: https://www.mucho.co/contact#jobs | BB89: https://www.mucho.co/news | BD89: Projects; news cadence; jobs.
A90: EightShapes | B90: https://www.eightshapes.com/ | C90: Private company | D90: 2006 | E90: 1 | F90: <100 | I90: Remote-first | J90: $250k–$1M | M90: WCAG AA | R90: 3 | S90: Component generation | U90: Commercial LLM | W90: Contributor | X90: Monthly+ | Y90: Tokens/Multi-brand | Z90: A/B testing | AA90: Lint/Static analysis | AB90: =VALUE(R90)*6 -> 0 | AC90: =IFERROR(VLOOKUP(K90,PointsMap!D2:E3,2,0),0) -> 0 | AD90: =IFERROR(VLOOKUP(M90,PointsMap!G2:H5,2,0),0) -> 0 | AE90: =IFERROR(VLOOKUP(AA90,PointsMap!M2:N5,2,0),0) -> 0 | AF90: =IFERROR(VLOOKUP(Z90,PointsMap!J2:K5,2,0),0) -> 0 | AG90: =MIN(8,VALUE(T90)*2) -> 0 | AH90: =IFERROR(VLOOKUP(Q90,PointsMap!P2:Q5,2,0),0) -> 0 | AI90: =MIN(8,ROUND(VALUE(G90)*8,0)) -> 0 | AJ90: =IFERROR(VLOOKUP(I90,PointsMap!A2:B5,2,0),0) -> 0 | AK90: =IFERROR(VLOOKUP(W90,PointsMap!S2:T4,2,0),0) -> 0 | AL90: =IFERROR(VLOOKUP(X90,PointsMap!V2:W4,2,0),0) -> 0 | AM90: =MIN(5,VALUE(V90)) -> 0 | AN90: =AB90 -> 0 | AO90: =AC90+AD90+AE90+AF90 -> 0 | AP90: =AG90+AH90 -> 0 | AQ90: =AI90+AJ90 -> 0 | AR90: =AK90+AL90+AM90 -> 0 | AS90: =AN90*Weights!B3/100+AO90*Weights!B4/100+AP90*Weights!B5/100+AQ90*Weights!B6/100+AR90*Weights!B7/100 -> 0 | AT90: https://www.eightshapes.com/services/ | AY90: https://www.eightshapes.com/ | BB90: https://www.eightshapes.com/articles/ | BC90: https://www.eightshapes.com/books/ | BD90: Design system experts; articles; books; services.
A91: ZURB | B91: https://zurb.com/ | C91: Private company | D91: 1998 | E91: 1 | F91: <100 | I91: Onsite | J91: $250k–$1M | M91: Guidelines only | R91: 1 | S91: Asset generation | U91: Not disclosed | W91: Maintainer | X91: Quarterly | Y91: Guidelines | Z91: Event tracking | AA91: None | AB91: =VALUE(R91)*6 -> 0 | AC91: =IFERROR(VLOOKUP(K91,PointsMap!D2:E3,2,0),0) -> 0 | AD91: =IFERROR(VLOOKUP(M91,PointsMap!G2:H5,2,0),0) -> 0 | AE91: =IFERROR(VLOOKUP(AA91,PointsMap!M2:N5,2,0),0) -> 0 | AF91: =IFERROR(VLOOKUP(Z91,PointsMap!J2:K5,2,0),0) -> 0 | AG91: =MIN(8,VALUE(T91)*2) -> 0 | AH91: =IFERROR(VLOOKUP(Q91,PointsMap!P2:Q5,2,0),0) -> 0 | AI91: =MIN(8,ROUND(VALUE(G91)*8,0)) -> 0 | AJ91: =IFERROR(VLOOKUP(I91,PointsMap!A2:B5,2,0),0) -> 0 | AK91: =IFERROR(VLOOKUP(W91,PointsMap!S2:T4,2,0),0) -> 0 | AL91: =IFERROR(VLOOKUP(X91,PointsMap!V2:W4,2,0),0) -> 0 | AM91: =MIN(5,VALUE(V91)) -> 0 | AN91: =AB91 -> 0 | AO91: =AC91+AD91+AE91+AF91 -> 0 | AP91: =AG91+AH91 -> 0 | AQ91: =AI91+AJ91 -> 0 | AR91: =AK91+AL91+AM91 -> 0 | AS91: =AN91*Weights!B3/100+AO91*Weights!B4/100+AP91*Weights!B5/100+AQ91*Weights!B6/100+AR91*Weights!B7/100 -> 0 | AT91: https://zurb.com/services | AY91: https://zurb.com/jobs | BA91: https://github.com/foundation | BB91: https://zurb.com/blog | BD91: Makers of Foundation OSS; services; jobs; blog.
A92: IDEO Tokyo | B92: https://www.ideo.com/ | C92: Private company | D92: 1991 | E92: 1 | F92: 500–1k | I92: Hybrid | J92: $250k–$1M | M92: WCAG AA | R92: 2 | S92: Copy/Localization | U92: Not disclosed | W92: Contributor | X92: Monthly+ | Y92: Tokens/Multi-brand | Z92: Event tracking | AA92: Lint/Static analysis | AB92: =VALUE(R92)*6 -> 0 | AC92: =IFERROR(VLOOKUP(K92,PointsMap!D2:E3,2,0),0) -> 0 | AD92: =IFERROR(VLOOKUP(M92,PointsMap!G2:H5,2,0),0) -> 0 | AE92: =IFERROR(VLOOKUP(AA92,PointsMap!M2:N5,2,0),0) -> 0 | AF92: =IFERROR(VLOOKUP(Z92,PointsMap!J2:K5,2,0),0) -> 0 | AG92: =MIN(8,VALUE(T92)*2) -> 0 | AH92: =IFERROR(VLOOKUP(Q92,PointsMap!P2:Q5,2,0),0) -> 0 | AI92: =MIN(8,ROUND(VALUE(G92)*8,0)) -> 0 | AJ92: =IFERROR(VLOOKUP(I92,PointsMap!A2:B5,2,0),0) -> 0 | AK92: =IFERROR(VLOOKUP(W92,PointsMap!S2:T4,2,0),0) -> 0 | AL92: =IFERROR(VLOOKUP(X92,PointsMap!V2:W4,2,0),0) -> 0 | AM92: =MIN(5,VALUE(V92)) -> 0 | AN92: =AB92 -> 0 | AO92: =AC92+AD92+AE92+AF92 -> 0 | AP92: =AG92+AH92 -> 0 | AQ92: =AI92+AJ92 -> 0 | AR92: =AK92+AL92+AM92 -> 0 | AS92: =AN92*Weights!B3/100+AO92*Weights!B4/100+AP92*Weights!B5/100+AQ92*Weights!B6/100+AR92*Weights!B7/100 -> 0
A93: Doberman (EY) | B93: https://www.doberman.co/ | C93: Subsidiary of private partnership | D93: 1998 | E93: 3 | F93: 100–499 | I93: Hybrid | J93: $250k–$1M | M93: WCAG AA | R93: 3 | S93: Component generation | U93: Commercial LLM | W93: None | X93: Quarterly | Y93: Tokens/Multi-brand | Z93: A/B testing | AA93: Lint/Static analysis | AB93: =VALUE(R93)*6 -> 0 | AC93: =IFERROR(VLOOKUP(K93,PointsMap!D2:E3,2,0),0) -> 0 | AD93: =IFERROR(VLOOKUP(M93,PointsMap!G2:H5,2,0),0) -> 0 | AE93: =IFERROR(VLOOKUP(AA93,PointsMap!M2:N5,2,0),0) -> 0 | AF93: =IFERROR(VLOOKUP(Z93,PointsMap!J2:K5,2,0),0) -> 0 | AG93: =MIN(8,VALUE(T93)*2) -> 0 | AH93: =IFERROR(VLOOKUP(Q93,PointsMap!P2:Q5,2,0),0) -> 0 | AI93: =MIN(8,ROUND(VALUE(G93)*8,0)) -> 0 | AJ93: =IFERROR(VLOOKUP(I93,PointsMap!A2:B5,2,0),0) -> 0 | AK93: =IFERROR(VLOOKUP(W93,PointsMap!S2:T4,2,0),0) -> 0 | AL93: =IFERROR(VLOOKUP(X93,PointsMap!V2:W4,2,0),0) -> 0 | AM93: =MIN(5,VALUE(V93)) -> 0 | AN93: =AB93 -> 0 | AO93: =AC93+AD93+AE93+AF93 -> 0 | AP93: =AG93+AH93 -> 0 | AQ93: =AI93+AJ93 -> 0 | AR93: =AK93+AL93+AM93 -> 0 | AS93: =AN93*Weights!B3/100+AO93*Weights!B4/100+AP93*Weights!B5/100+AQ93*Weights!B6/100+AR93*Weights!B7/100 -> 0 | AT93: https://www.doberman.co/work | AY93: https://www.doberman.co/careers | BB93: https://www.doberman.co/stories | BD93: Stories (blog); careers; work.
A94: Frog (legacy independent) | B94: https://www.frog.co/ | C94: Subsidiary brand of public holding company | D94: 1969 | E94: 20 | F94: 1–5k | I94: Hybrid | J94: $1M–$5M | M94: WCAG AA | R94: 3 | S94: Component generation | U94: Commercial LLM | W94: Contributor | X94: Monthly+ | Y94: Tokens/Multi-brand | Z94: A/B testing | AA94: Lint/Static analysis | AB94: =VALUE(R94)*6 -> 0 | AC94: =IFERROR(VLOOKUP(K94,PointsMap!D2:E3,2,0),0) -> 0 | AD94: =IFERROR(VLOOKUP(M94,PointsMap!G2:H5,2,0),0) -> 0 | AE94: =IFERROR(VLOOKUP(AA94,PointsMap!M2:N5,2,0),0) -> 0 | AF94: =IFERROR(VLOOKUP(Z94,PointsMap!J2:K5,2,0),0) -> 0 | AG94: =MIN(8,VALUE(T94)*2) -> 0 | AH94: =IFERROR(VLOOKUP(Q94,PointsMap!P2:Q5,2,0),0) -> 0 | AI94: =MIN(8,ROUND(VALUE(G94)*8,0)) -> 0 | AJ94: =IFERROR(VLOOKUP(I94,PointsMap!A2:B5,2,0),0) -> 0 | AK94: =IFERROR(VLOOKUP(W94,PointsMap!S2:T4,2,0),0) -> 0 | AL94: =IFERROR(VLOOKUP(X94,PointsMap!V2:W4,2,0),0) -> 0 | AM94: =MIN(5,VALUE(V94)) -> 0 | AN94: =AB94 -> 0 | AO94: =AC94+AD94+AE94+AF94 -> 0 | AP94: =AG94+AH94 -> 0 | AQ94: =AI94+AJ94 -> 0 | AR94: =AK94+AL94+AM94 -> 0 | AS94: =AN94*Weights!B3/100+AO94*Weights!B4/100+AP94*Weights!B5/100+AQ94*Weights!B6/100+AR94*Weights!B7/100 -> 0 | AT94: https://www.frog.co/capabilities | AY94: https://www.frog.co/careers | BB94: https://www.frog.co/designmind | BD94: Capabilities; DesignMind blog; careers.
A95: BCG Digital Ventures (legacy) | B95: https://www.bcgdv.com/ | C95: Business unit of private partnership | D95: 2014 | E95: 13 | F95: 1–5k | I95: Hybrid | J95: $1M–$5M | M95: Guidelines only | R95: 3 | S95: Component generation | U95: Commercial LLM | W95: None | X95: Quarterly | Y95: Guidelines | Z95: A/B testing | AA95: Lint/Static analysis | AB95: =VALUE(R95)*6 -> 0 | AC95: =IFERROR(VLOOKUP(K95,PointsMap!D2:E3,2,0),0) -> 0 | AD95: =IFERROR(VLOOKUP(M95,PointsMap!G2:H5,2,0),0) -> 0 | AE95: =IFERROR(VLOOKUP(AA95,PointsMap!M2:N5,2,0),0) -> 0 | AF95: =IFERROR(VLOOKUP(Z95,PointsMap!J2:K5,2,0),0) -> 0 | AG95: =MIN(8,VALUE(T95)*2) -> 0 | AH95: =IFERROR(VLOOKUP(Q95,PointsMap!P2:Q5,2,0),0) -> 0 | AI95: =MIN(8,ROUND(VALUE(G95)*8,0)) -> 0 | AJ95: =IFERROR(VLOOKUP(I95,PointsMap!A2:B5,2,0),0) -> 0 | AK95: =IFERROR(VLOOKUP(W95,PointsMap!S2:T4,2,0),0) -> 0 | AL95: =IFERROR(VLOOKUP(X95,PointsMap!V2:W4,2,0),0) -> 0 | AM95: =MIN(5,VALUE(V95)) -> 0 | AN95: =AB95 -> 0 | AO95: =AC95+AD95+AE95+AF95 -> 0 | AP95: =AG95+AH95 -> 0 | AQ95: =AI95+AJ95 -> 0 | AR95: =AK95+AL95+AM95 -> 0 | AS95: =AN95*Weights!B3/100+AO95*Weights!B4/100+AP95*Weights!B5/100+AQ95*Weights!B6/100+AR95*Weights!B7/100 -> 0 | AT95: https://www.bcgdv.com/ | AY95: https://www.bcgdv.com/careers/ | BB95: https://www.bcgdv.com/insights/ | BD95: Venture building; insights; careers.
A96: PALO IT | B96: https://www.palo-it.com/ | C96: Private company | D96: 2009 | E96: 16 | F96: 500–1k | I96: Distributed nearshore/offshore | J96: $250k–$1M | K96: Y | M96: WCAG AA | N96: Y | Q96: 3 | R96: Component generation | T96: Commercial LLM | V96: Contributor | W96: Monthly+ | X96: Tokens/Multi-brand | Y96: A/B testing | Z96: SAST+DAST | AB96: =VALUE(R96)*6 -> 0 | AC96: =IFERROR(VLOOKUP(K96,PointsMap!D2:E3,2,0),0) -> 0 | AD96: =IFERROR(VLOOKUP(M96,PointsMap!G2:H5,2,0),0) -> 0 | AE96: =IFERROR(VLOOKUP(AA96,PointsMap!M2:N5,2,0),0) -> 0 | AF96: =IFERROR(VLOOKUP(Z96,PointsMap!J2:K5,2,0),0) -> 0 | AG96: =MIN(8,VALUE(T96)*2) -> 0 | AH96: =IFERROR(VLOOKUP(Q96,PointsMap!P2:Q5,2,0),0) -> 0 | AI96: =MIN(8,ROUND(VALUE(G96)*8,0)) -> 0 | AJ96: =IFERROR(VLOOKUP(I96,PointsMap!A2:B5,2,0),0) -> 0 | AK96: =IFERROR(VLOOKUP(W96,PointsMap!S2:T4,2,0),0) -> 0 | AL96: =IFERROR(VLOOKUP(X96,PointsMap!V2:W4,2,0),0) -> 0 | AM96: =MIN(5,VALUE(V96)) -> 0 | AN96: =AB96 -> 0 | AO96: =AC96+AD96+AE96+AF96 -> 0 | AP96: =AG96+AH96 -> 0 | AQ96: =AI96+AJ96 -> 0 | AR96: =AK96+AL96+AM96 -> 0 | AS96: =AN96*Weights!B3/100+AO96*Weights!B4/100+AP96*Weights!B5/100+AQ96*Weights!B6/100+AR96*Weights!B7/100 -> 0 | AT96: https://www.palo-it.com/services | AY96: https://www.palo-it.com/careers | BB96: https://www.palo-it.com/insights | BD96: Services; insights; careers.
A97: Netguru | B97: https://www.netguru.com/ | C97: Public company | D97: 2008 | E97: 8 | F97: 1–5k | I97: Distributed nearshore/offshore | J97: $250k–$1M | M97: WCAG AA | R97: 3 | S97: Component generation | U97: Commercial LLM | W97: Contributor | X97: Monthly+ | Y97: Tokens/Multi-brand | Z97: A/B testing | AA97: Lint/Static analysis | AB97: =VALUE(R97)*6 -> 0 | AC97: =IFERROR(VLOOKUP(K97,PointsMap!D2:E3,2,0),0) -> 0 | AD97: =IFERROR(VLOOKUP(M97,PointsMap!G2:H5,2,0),0) -> 0 | AE97: =IFERROR(VLOOKUP(AA97,PointsMap!M2:N5,2,0),0) -> 0 | AF97: =IFERROR(VLOOKUP(Z97,PointsMap!J2:K5,2,0),0) -> 0 | AG97: =MIN(8,VALUE(T97)*2) -> 0 | AH97: =IFERROR(VLOOKUP(Q97,PointsMap!P2:Q5,2,0),0) -> 0 | AI97: =MIN(8,ROUND(VALUE(G97)*8,0)) -> 0 | AJ97: =IFERROR(VLOOKUP(I97,PointsMap!A2:B5,2,0),0) -> 0 | AK97: =IFERROR(VLOOKUP(W97,PointsMap!S2:T4,2,0),0) -> 0 | AL97: =IFERROR(VLOOKUP(X97,PointsMap!V2:W4,2,0),0) -> 0 | AM97: =MIN(5,VALUE(V97)) -> 0 | AN97: =AB97 -> 0 | AO97: =AC97+AD97+AE97+AF97 -> 0 | AP97: =AG97+AH97 -> 0 | AQ97: =AI97+AJ97 -> 0 | AR97: =AK97+AL97+AM97 -> 0 | AS97: =AN97*Weights!B3/100+AO97*Weights!B4/100+AP97*Weights!B5/100+AQ97*Weights!B6/100+AR97*Weights!B7/100 -> 0 | AT97: https://www.netguru.com/services/artificial-intelligence | AY97: https://www.netguru.com/career | BA97: https://github.com/netguru | BB97: https://www.netguru.com/blog | BD97: AI services; blog; careers; OSS org.
A98: ELEKS | B98: https://eleks.com/ | C98: Private company | D98: 1991 | E98: 15 | F98: 1–5k | I98: Distributed nearshore/offshore | J98: $250k–$1M | M98: Guidelines only | R98: 3 | S98: Component generation | U98: Commercial LLM | W98: Contributor | X98: Monthly+ | Y98: Tokens/Multi-brand | Z98: A/B testing | AA98: Lint/Static analysis | AB98: =VALUE(R98)*6 -> 0 | AC98: =IFERROR(VLOOKUP(K98,PointsMap!D2:E3,2,0),0) -> 0 | AD98: =IFERROR(VLOOKUP(M98,PointsMap!G2:H5,2,0),0) -> 0 | AE98: =IFERROR(VLOOKUP(AA98,PointsMap!M2:N5,2,0),0) -> 0 | AF98: =IFERROR(VLOOKUP(Z98,PointsMap!J2:K5,2,0),0) -> 0 | AG98: =MIN(8,VALUE(T98)*2) -> 0 | AH98: =IFERROR(VLOOKUP(Q98,PointsMap!P2:Q5,2,0),0) -> 0 | AI98: =MIN(8,ROUND(VALUE(G98)*8,0)) -> 0 | AJ98: =IFERROR(VLOOKUP(I98,PointsMap!A2:B5,2,0),0) -> 0 | AK98: =IFERROR(VLOOKUP(W98,PointsMap!S2:T4,2,0),0) -> 0 | AL98: =IFERROR(VLOOKUP(X98,PointsMap!V2:W4,2,0),0) -> 0 | AM98: =MIN(5,VALUE(V98)) -> 0 | AN98: =AB98 -> 0 | AO98: =AC98+AD98+AE98+AF98 -> 0 | AP98: =AG98+AH98 -> 0 | AQ98: =AI98+AJ98 -> 0 | AR98: =AK98+AL98+AM98 -> 0 | AS98: =AN98*Weights!B3/100+AO98*Weights!B4/100+AP98*Weights!B5/100+AQ98*Weights!B6/100+AR98*Weights!B7/100 -> 0 | AT98: https://eleks.com/services/data-science/ | AY98: https://careers.eleks.com/ | BB98: https://eleks.com/blog/ | BD98: Data science/AI service; careers; blog.
A99: Andersen | B99: https://andersenlab.com/ | C99: Private company | D99: 2007 | E99: 12 | F99: 1–5k | I99: Distributed nearshore/offshore | J99: $250k–$1M | M99: Guidelines only | R99: 3 | S99: Component generation | U99: Commercial LLM | W99: Contributor | X99: Monthly+ | Y99: Tokens/Multi-brand | Z99: A/B testing | AA99: Lint/Static analysis | AB99: =VALUE(R99)*6 -> 0 | AC99: =IFERROR(VLOOKUP(K99,PointsMap!D2:E3,2,0),0) -> 0 | AD99: =IFERROR(VLOOKUP(M99,PointsMap!G2:H5,2,0),0) -> 0 | AE99: =IFERROR(VLOOKUP(AA99,PointsMap!M2:N5,2,0),0) -> 0 | AF99: =IFERROR(VLOOKUP(Z99,PointsMap!J2:K5,2,0),0) -> 0 | AG99: =MIN(8,VALUE(T99)*2) -> 0 | AH99: =IFERROR(VLOOKUP(Q99,PointsMap!P2:Q5,2,0),0) -> 0 | AI99: =MIN(8,ROUND(VALUE(G99)*8,0)) -> 0 | AJ99: =IFERROR(VLOOKUP(I99,PointsMap!A2:B5,2,0),0) -> 0 | AK99: =IFERROR(VLOOKUP(W99,PointsMap!S2:T4,2,0),0) -> 0 | AL99: =IFERROR(VLOOKUP(X99,PointsMap!V2:W4,2,0),0) -> 0 | AM99: =MIN(5,VALUE(V99)) -> 0 | AN99: =AB99 -> 0 | AO99: =AC99+AD99+AE99+AF99 -> 0 | AP99: =AG99+AH99 -> 0 | AQ99: =AI99+AJ99 -> 0 | AR99: =AK99+AL99+AM99 -> 0 | AS99: =AN99*Weights!B3/100+AO99*Weights!B4/100+AP99*Weights!B5/100+AQ99*Weights!B6/100+AR99*Weights!B7/100 -> 0 | AT99: https://andersenlab.com/services/machine-learning-ai | AY99: https://andersenlab.com/careers | BB99: https://andersenlab.com/insights | BD99: AI/ML service; insights; careers.
A100: BairesDev | B100: https://www.bairesdev.com/ | C100: Private company | D100: 2009 | E100: 5 | F100: 5k–20k | I100: Distributed nearshore/offshore | J100: $250k–$1M | M100: Guidelines only | R100: 3 | S100: Component generation | U100: Not disclosed | W100: None | X100: Monthly+ | Y100: Guidelines | Z100: A/B testing | AA100: Lint/Static analysis | AB100: =VALUE(R100)*6 -> 0 | AC100: =IFERROR(VLOOKUP(K100,PointsMap!D2:E3,2,0),0) -> 0 | AD100: =IFERROR(VLOOKUP(M100,PointsMap!G2:H5,2,0),0) -> 0 | AE100: =IFERROR(VLOOKUP(AA100,PointsMap!M2:N5,2,0),0) -> 0 | AF100: =IFERROR(VLOOKUP(Z100,PointsMap!J2:K5,2,0),0) -> 0 | AG100: =MIN(8,VALUE(T100)*2) -> 0 | AH100: =IFERROR(VLOOKUP(Q100,PointsMap!P2:Q5,2,0),0) -> 0 | AI100: =MIN(8,ROUND(VALUE(G100)*8,0)) -> 0 | AJ100: =IFERROR(VLOOKUP(I100,PointsMap!A2:B5,2,0),0) -> 0 | AK100: =IFERROR(VLOOKUP(W100,PointsMap!S2:T4,2,0),0) -> 0 | AL100: =IFERROR(VLOOKUP(X100,PointsMap!V2:W4,2,0),0) -> 0 | AM100: =MIN(5,VALUE(V100)) -> 0 | AN100: =AB100 -> 0 | AO100: =AC100+AD100+AE100+AF100 -> 0 | AP100: =AG100+AH100 -> 0 | AQ100: =AI100+AJ100 -> 0 | AR100: =AK100+AL100+AM100 -> 0 | AS100: =AN100*Weights!B3/100+AO100*Weights!B4/100+AP100*Weights!B5/100+AQ100*Weights!B6/100+AR100*Weights!B7/100 -> 0 | AT100: https://www.bairesdev.com/services/ai/ | AY100: https://www.bairesdev.com/careers/ | BB100: https://www.bairesdev.com/blog/ | BD100: AI services; careers; blog.
...

Sheet Lists
A1: CorporateForm | B1: EmployeesRange | C1: DeliveryModel | D1: TicketBand | E1: YesNo | F1: Accessibility | G1: HiringVelocity | H1: AI_Adoption_Index | I1: GenAI_DesignOps | J1: ModelStack | K1: OSS | L1: BlogCadence | M1: DesignSystem | N1: Analytics | O1: SecSDLC
A2: Public company | B2: <100 | C2: Onsite | D2: <$250k | E2: Y | F2: None | G2: None | H2: 0 | I2: None | J2: Not disclosed | K2: None | L2: None | M2: None | N2: None | O2: None
A3: Private company | B3: 100–499 | C3: Hybrid | D3: $250k–$1M | E3: N | F3: Guidelines only | G3: Low (1–3) | H3: 1 | I3: Asset generation | J3: Commercial LLM | K3: Contributor | L3: Quarterly | M3: Guidelines | N3: Event tracking | O3: Lint/Static analysis
A4: Subsidiary brand of public holding company | B4: 500–1k | C4: Remote-first | D4: $1M–$5M | F4: WCAG AA | G4: Mid (4–9) | H4: 2 | I4: Copy/Localization | J4: Commercial + in-house RAG | K4: Maintainer | L4: Monthly+ | M4: Tokens/Multi-brand | N4: A/B testing | O4: SAST+DAST
A5: Subsidiary of public company | B5: 1–5k | C5: Distributed nearshore/offshore | D5: >$5M | F5: WCAG AAA | G5: High (10+) | H5: 3 | I5: Component generation | J5: Proprietary model / Hybrid | M5: CI/CD integrated | N5: Continuous experimentation | O5: DevSecOps integrated
A6: Business unit of public company | B6: 5k–20k | H6: 4 | I6: E2E prototyping
A7: Multinational network of independent member firms | B7: >20k | H7: 5
A8: In-house design organization (corporate)
A9: Independent studio (partnership or LLP)

Sheet PointsMap
A1: key | B1: pts | D1: key | E1: pts | G1: key | H1: pts | J1: key | K1: pts | M1: key | N1: pts | P1: key | Q1: pts | S1: key | T1: pts | V1: key | W1: pts
A2: Onsite | B2: 3 | D2: Y | E2: 8 | G2: None | H2: 0 | J2: None | K2: 0 | M2: None | N2: 0 | P2: None | Q2: 0 | S2: None | T2: 0 | V2: None | W2: 0
A3: Hybrid | B3: 5 | D3: N | E3: 0 | G3: Guidelines only | H3: 2 | J3: Event tracking | K3: 2 | M3: Lint/Static analysis | N3: 2 | P3: Low (1–3) | Q3: 3 | S3: Contributor | T3: 3 | V3: Quarterly | W3: 2
A4: Remote-first | B4: 6 | G4: WCAG AA | H4: 4 | J4: A/B testing | K4: 3 | M4: SAST+DAST | N4: 4 | P4: Mid (4–9) | Q4: 5 | S4: Maintainer | T4: 6 | V4: Monthly+ | W4: 4
A5: Distributed nearshore/offshore | B5: 7 | G5: WCAG AAA | H5: 6 | J5: Continuous experimentation | K5: 5 | M5: DevSecOps integrated | N5: 6 | P5: High (10+) | Q5: 7

Sheet Weights
A1: Preset | B1: Selected Preset
A3: AI_Adoption_Weight | B3: {=IF(B1="", INDEX(Presets!B2:F2, MATCH(A3, Presets!B1:F1,0)), _xlfn.XLOOKUP(B1, Presets!$A$2:$A$5, Presets!$B$2:$F$5, , 0))} -> 0
A4: Ops_Quality_Weight | B4: {=IF(B1="", INDEX(Presets!B2:F2, MATCH(A4, Presets!B1:F1,0)), _xlfn.XLOOKUP(B1, Presets!$A$2:$A$5, Presets!$B$2:$F$5, , 0))} -> 0
A5: Talent_Weight | B5: {=IF(B1="", INDEX(Presets!B2:F2, MATCH(A5, Presets!B1:F1,0)), _xlfn.XLOOKUP(B1, Presets!$A$2:$A$5, Presets!$B$2:$F$5, , 0))} -> 0
A6: Delivery_Weight | B6: {=IF(B1="", INDEX(Presets!B2:F2, MATCH(A6, Presets!B1:F1,0)), _xlfn.XLOOKUP(B1, Presets!$A$2:$A$5, Presets!$B$2:$F$5, , 0))} -> 0
A7: R&D_Weight | B7: {=IF(B1="", INDEX(Presets!B2:F2, MATCH(A7, Presets!B1:F1,0)), _xlfn.XLOOKUP(B1, Presets!$A$2:$A$5, Presets!$B$2:$F$5, , 0))} -> 0
A9: Sum must be 100 | B9: =SUM(B3:B7) -> 0

Sheet Presets
A1: Preset | B1: AI_Adoption_Weight | C1: Ops_Quality_Weight | D1: Talent_Weight | E1: Delivery_Weight | F1: R&D_Weight
A2: Default (Balanced) | B2: 30 | C2: 25 | D2: 15 | E2: 15 | F2: 15
A3: Defense-leaning | B3: 25 | C3: 30 | D3: 15 | E3: 15 | F3: 15
A4: Consumer Digital | B4: 35 | C4: 20 | D4: 15 | E4: 20 | F4: 10
A5: R&D-centric | B5: 20 | C5: 20 | D5: 15 | E5: 10 | F5: 35

Sheet Summary
A1: Top 10 by TOTAL_SCORE (weights + presets)
A2: Choose a Preset on Weights!B1 to auto-fill weights.
A4: Rank | B4: Company | C4: TOTAL_SCORE
A5: 1 | B5: =INDEX(Data!$A$2:$A$101, MATCH(LARGE(Data!$AS$2:$AS$101,1), Data!$AS$2:$AS$101, 0)) -> 0 | C5: =LARGE(Data!$AS$2:$AS$101,1) -> 0
A6: 2 | B6: =INDEX(Data!$A$2:$A$101, MATCH(LARGE(Data!$AS$2:$AS$101,2), Data!$AS$2:$AS$101, 0)) -> 0 | C6: =LARGE(Data!$AS$2:$AS$101,2) -> 0
A7: 3 | B7: =INDEX(Data!$A$2:$A$101, MATCH(LARGE(Data!$AS$2:$AS$101,3), Data!$AS$2:$AS$101, 0)) -> 0 | C7: =LARGE(Data!$AS$2:$AS$101,3) -> 0
A8: 4 | B8: =INDEX(Data!$A$2:$A$101, MATCH(LARGE(Data!$AS$2:$AS$101,4), Data!$AS$2:$AS$101, 0)) -> 0 | C8: =LARGE(Data!$AS$2:$AS$101,4) -> 0
A9: 5 | B9: =INDEX(Data!$A$2:$A$101, MATCH(LARGE(Data!$AS$2:$AS$101,5), Data!$AS$2:$AS$101, 0)) -> 0 | C9: =LARGE(Data!$AS$2:$AS$101,5) -> 0
A10: 6 | B10: =INDEX(Data!$A$2:$A$101, MATCH(LARGE(Data!$AS$2:$AS$101,6), Data!$AS$2:$AS$101, 0)) -> 0 | C10: =LARGE(Data!$AS$2:$AS$101,6) -> 0
A11: 7 | B11: =INDEX(Data!$A$2:$A$101, MATCH(LARGE(Data!$AS$2:$AS$101,7), Data!$AS$2:$AS$101, 0)) -> 0 | C11: =LARGE(Data!$AS$2:$AS$101,7) -> 0
A12: 8 | B12: =INDEX(Data!$A$2:$A$101, MATCH(LARGE(Data!$AS$2:$AS$101,8), Data!$AS$2:$AS$101, 0)) -> 0 | C12: =LARGE(Data!$AS$2:$AS$101,8) -> 0
A13: 9 | B13: =INDEX(Data!$A$2:$A$101, MATCH(LARGE(Data!$AS$2:$AS$101,9), Data!$AS$2:$AS$101, 0)) -> 0 | C13: =LARGE(Data!$AS$2:$AS$101,9) -> 0
A14: 10 | B14: =INDEX(Data!$A$2:$A$101, MATCH(LARGE(Data!$AS$2:$AS$101,10), Data!$AS$2:$AS$101, 0)) -> 0 | C14: =LARGE(Data!$AS$2:$AS$101,10) -> 0

Sheet Composition
A1: Company | B1: AI | C1: Ops | D1: Talent | E1: Delivery | F1: R&D | G1: Mix Sparkline
A2: =Data!A2 -> 0 | B2: =Data!AN2 -> 0 | C2: =Data!AO2 -> 0 | D2: =Data!AP2 -> 0 | E2: =Data!AQ2 -> 0 | F2: =Data!AR2 -> 0
A3: =Data!A3 -> 0 | B3: =Data!AN3 -> 0 | C3: =Data!AO3 -> 0 | D3: =Data!AP3 -> 0 | E3: =Data!AQ3 -> 0 | F3: =Data!AR3 -> 0
A4: =Data!A4 -> 0 | B4: =Data!AN4 -> 0 | C4: =Data!AO4 -> 0 | D4: =Data!AP4 -> 0 | E4: =Data!AQ4 -> 0 | F4: =Data!AR4 -> 0
A5: =Data!A5 -> 0 | B5: =Data!AN5 -> 0 | C5: =Data!AO5 -> 0 | D5: =Data!AP5 -> 0 | E5: =Data!AQ5 -> 0 | F5: =Data!AR5 -> 0
A6: =Data!A6 -> 0 | B6: =Data!AN6 -> 0 | C6: =Data!AO6 -> 0 | D6: =Data!AP6 -> 0 | E6: =Data!AQ6 -> 0 | F6: =Data!AR6 -> 0
A7: =Data!A7 -> 0 | B7: =Data!AN7 -> 0 | C7: =Data!AO7 -> 0 | D7: =Data!AP7 -> 0 | E7: =Data!AQ7 -> 0 | F7: =Data!AR7 -> 0
A8: =Data!A8 -> 0 | B8: =Data!AN8 -> 0 | C8: =Data!AO8 -> 0 | D8: =Data!AP8 -> 0 | E8: =Data!AQ8 -> 0 | F8: =Data!AR8 -> 0
A9: =Data!A9 -> 0 | B9: =Data!AN9 -> 0 | C9: =Data!AO9 -> 0 | D9: =Data!AP9 -> 0 | E9: =Data!AQ9 -> 0 | F9: =Data!AR9 -> 0
A10: =Data!A10 -> 0 | B10: =Data!AN10 -> 0 | C10: =Data!AO10 -> 0 | D10: =Data!AP10 -> 0 | E10: =Data!AQ10 -> 0 | F10: =Data!AR10 -> 0
A11: =Data!A11 -> 0 | B11: =Data!AN11 -> 0 | C11: =Data!AO11 -> 0 | D11: =Data!AP11 -> 0 | E11: =Data!AQ11 -> 0 | F11: =Data!AR11 -> 0
A12: =Data!A12 -> 0 | B12: =Data!AN12 -> 0 | C12: =Data!AO12 -> 0 | D12: =Data!AP12 -> 0 | E12: =Data!AQ12 -> 0 | F12: =Data!AR12 -> 0
A13: =Data!A13 -> 0 | B13: =Data!AN13 -> 0 | C13: =Data!AO13 -> 0 | D13: =Data!AP13 -> 0 | E13: =Data!AQ13 -> 0 | F13: =Data!AR13 -> 0
... A101: =Data!A101 -> 0 | B101: =Data!AN101 -> 0 | C101: =Data!AO101 -> 0 | D101: =Data!AP101 -> 0 | E101: =Data!AQ101 -> 0 | F101: =Data!AR101 -> 0
